group	gene	pfam	humanog	tf
Spis_gland_4	Spis_XP_022807504_1	zf-CXXC/Tet_JBP/Tet_JBP/	zf-CXXC.CXXC4/CXXC5/TET1/TET3	TRUE
Spis_gland_4	Spis_XP_022779139_1	zf-C4/Hormone_recep/	zf-C4_Nuclear_receptors.NR2F1/NR2F2/NR2F6	TRUE
Spis_gland_4	Spis_XP_022790148_1	LIM/LIM/Homeodomain/	Homeodomains.LIM_LHX6/LIM_LHX8	TRUE
Spis_gland_4	Spis_XP_022791301_1	DM/DMA/	Doublesex_DM.like:DMRT1/DMRT2/DMRT3/DMRTA1/DMRTA2/DMRTC2	TRUE
Spis_gland_4	Spis_XP_022801709_1	RFX_DNA_binding/	RFX.RFX4/RFX6/RFX8	TRUE
Spis_gland_4	Spis_XP_022806828_1	""	spindle pole body component 110-like	FALSE
Spis_gland_4	Spis_XP_022781367_1	7tm_1/	GPCR-rhodopsin.HG1.22:like:GPR26/GPR45/GPR63/GPR78/GPR101/GPR135/GPR161:likeclu:11/12/19/42/53	FALSE
Spis_gland_4	Spis_XP_022793709_1	GAIN/GPS/7tm_2/	GPCR-secretin.HG1.5:ADGRD2	FALSE
Spis_gland_4	Spis_XP_022791513_1	Neur_chan_LBD/Neur_chan_memb/	ion-neuro-gated.HG2.20:like:GABRA1/GABRA2/GABRA3/GABRA4/GABRA5/GABRA6/GABRB1/GABRB2/GABRB3/GABRD/GABRE/GABRG1/GABRG2/GABRG3/GABRP/GABRQ/GABRR1/GABRR2/GABRR3:likeclu:14/15	FALSE
Spis_gland_4	Spis_XP_022801036_1	PLAT/	polycystin_1_like_2_gene_pseudogene_	FALSE
Spis_gland_4	Spis_XP_022803453_1	Peptidase_S24/	SEC11_homolog_A_signal_peptidase_complex_subunit	FALSE
Spis_gland_4	Spis_XP_022791462_1	C2/PH/DUF1041/	Caps.HG2.0:CADPS/CADPS2	FALSE
Spis_gland_4	Spis_XP_022806766_1	Cu2_monooxygen/Cu2_monoox_C/	monooxygenase_DBH_like_1	FALSE
Spis_gland_4	Spis_XP_022808654_1	""	""	FALSE
Spis_gland_4	Spis_XP_022809349_1	""	""	FALSE
Spis_gland_4	Spis_XP_022790490_1	DUF2353/	coiled_coil_domain_containing_149	FALSE
Spis_gland_4	Spis_XP_022791734_1	adh_short_C2/	sterol_dehydrogenase.HG1.19:DHRS2/DHRS4/DHRS4L2	FALSE
Spis_gland_4	Spis_XP_022780081_1	DUF1726/Helicase_RecD/GNAT_acetyltr_2/GNAT_acetyltr_2/tRNA_bind_2/	GNAT_acetyltr_2.HG1.0:NAT10	FALSE
Spis_gland_4	Spis_XP_022779721_1	Autophagy_act_C/	autophagy_related_10	FALSE
Spis_gland_4	Spis_XP_022799434_1	WHEP-TRS/tRNA-synt_2b/HGTP_anticodon/	glycyl_tRNA_synthetase_1	FALSE
Spis_gland_4	Spis_XP_022780047_1	MMS1_N/CPSF_A/	damage_specific_DNA_binding_protein_1	FALSE
Spis_gland_4	Spis_XP_022791773_1	Trypsin/	chymotrypsin_like_elastase_2A	FALSE
Spis_gland_4	Spis_XP_022803815_1	Trypsin/ShK/	chymotrypsin_like	FALSE
Spis_gland_4	Spis_XP_022804537_1	Trypsin/	chymotrypsinogen_B2	FALSE
Spis_gland_4	Spis_XP_022793311_1	TraB/	TraB_domain_containing_2A	FALSE
Spis_gland_4	Spis_XP_022800508_1	Pyr_redox_2/Pyr_redox_dim/	dihydrolipoamide_dehydrogenase	FALSE
Spis_gland_4	Spis_XP_022805362_1	Endonuclease_NS/	endonuclease_G	FALSE
Spis_gland_4	Spis_XP_022790351_1	Porphobil_deam/Porphobil_deamC/	hydroxymethylbilane_synthase	FALSE
Spis_gland_4	Spis_XP_022799060_1	fn3/fn3/Pkinase_Tyr/	fibronectin.HG4.30:like:ELSPBP1:likeclu:0	FALSE
Spis_gland_4	Spis_XP_022794132_1	F5_F8_type_C/F5_F8_type_C/F5_F8_type_C/fn3/Pkinase_Tyr/Pkinase_Tyr/	fibronectin.HG4.21:like:ELSPBP1:likeclu:0	FALSE
Spis_gland_4	Spis_XP_022782044_1	DHC_N2/AAA_6/Dynein_AAA_lid/AAA_7/AAA_lid_1/AAA_8/MT/AAA_9/Dynein_heavy/AAA_lid_11/Dynein_C/	dynein_axonemal_heavy_chain_3	FALSE
Spis_gland_4	Spis_XP_022799675_1	SWIRM/Amino_oxidase/	SWIRM.HG2.0:like:KDM1A:likeclu:1	FALSE
Spis_gland_4	Spis_XP_022779854_1	Ost5/	transmembrane_protein_258	FALSE
Spis_gland_4	Spis_XP_022780870_1	RRM_1/RRM_1/	RRM.HG1.18:MSI1/MSI2	FALSE
Spis_gland_4	Spis_XP_022790793_1	PAS_9/Ion_trans/	ion-NaKCa.HG10.2:KCNH3/KCNH4/KCNH8	FALSE
Spis_gland_4	Spis_XP_022784379_1	PAS_9/Ion_trans/cNMP_binding/	ion-NaKCa.HG10.0:AL590132/KCNH1/KCNH5	FALSE
Spis_gland_4	Spis_XP_022785742_1	zf-Tim10_DDP/	translocase_of_inner_mitochondrial_membrane_10B	FALSE
Spis_gland_4	Spis_XP_022802096_1	DUF2615/	small_integral_membrane_protein_14	FALSE
Spis_gland_4	Spis_XP_022803245_1	BTB_2/	potassium_channel_tetramerization_domain_containing_8	FALSE
Spis_gland_4	Spis_XP_022781023_1	TPX2_importin/TPX2/	TPX2_microtubule_nucleation_factor	FALSE
Spis_gland_4	Spis_XP_022781722_1	fn3_4/	activating_transcription_factor_7_interacting_protein	FALSE
Spis_gland_4	Spis_XP_022805023_1	wnt/	wnt.HG1.10:like:WNT1/WNT2/WNT2B/WNT3/WNT3A/WNT4/WNT5A/WNT5B/WNT6/WNT7A/WNT7B/WNT16:likeclu:12/13/17/18/19/20/22/23	FALSE
Spis_gland_4	Spis_XP_022805476_1	ANF_receptor/NCD3G/7tm_3/	GPCR-glutamate.HG1.39:like:GPRC5A/GPRC5B/GPRC5C/GPRC5D/GRM1/GRM2/GRM3/GRM4/GRM5/GRM6/GRM7/GRM8:likeclu:33	FALSE
Spis_gland_4	Spis_XP_022799635_1	""	""	FALSE
Spis_gland_4	Spis_XP_022790611_1	Cation_ATPase_N/E1-E2_ATPase/Cation_ATPase/Hydrolase_3/Cation_ATPase_C/	PMCA.HG2.3:ATP2A1/ATP2A2/ATP2A3	FALSE
Spis_gland_4	Spis_XP_022796779_1	""	coiled-coil domain-containing protein 18-like isoform X2	FALSE
Spis_gland_4	Spis_XP_022803030_1	KH_1/KH_1/	KH.HG4.1:NA	FALSE
Spis_gland_4	Spis_XP_022803034_1	KH_1/	KH.HG4.1:NA	FALSE
Spis_gland_4	Spis_XP_022799145_1	Thioredoxin/Thioredoxin_6/Thioredoxin/	prolyl_4_hydroxylase_subunit_beta	FALSE
Spis_gland_4	Spis_XP_022807900_1	Fer2/Fer2_2/FAD_binding_5/CO_deh_flav_C/Ald_Xan_dh_C/Ald_Xan_dh_C2/	xanthine_dehydrogenase	FALSE
Spis_gland_4	Spis_XP_022810566_1	START/START/	StAR_related_lipid_transfer_domain_containing_10	FALSE
Spis_gland_4	Spis_XP_022799133_1	PQQ_2/Pkinase/	Pkinase.HG66.6:ERN1/ERN2	FALSE
Spis_gland_4	Spis_XP_022784608_1	BTB_2/Ion_trans/	ion-NaKCa.HG13.0:like:KCND1/KCND2/KCND3:likeclu:1	FALSE
Spis_gland_4	Spis_XP_022779652_1	SNF/	solute_carrier_family_6_member_19	FALSE
Spis_gland_4	Spis_XP_022782237_1	ACAS_N/AMP-binding/AMP-binding_C/	acyl_CoA_synthetase_short_chain_family_member_1	FALSE
Spis_gland_4	Spis_XP_022802226_1	""	""	FALSE
Spis_gland_4	Spis_XP_022802232_1	""	""	FALSE
Spis_gland_4	Spis_XP_022794275_1	SET/	SET.HG2.0:KMT5A	FALSE
Spis_gland_4	Spis_XP_022781561_1	ADH_N/ADH_zinc_N/	mitochondrial_trans_2_enoyl_CoA_reductase	FALSE
Spis_gland_4	Spis_XP_022796569_1	Peptidase_M19/	dipeptidase_1	FALSE
Spis_gland_4	Spis_XP_022804691_1	CNH/Vps39_1/Vps39_2/	Citron.HG6.0:TGFBRAP1	FALSE
Spis_gland_4	Spis_XP_022792270_1	EF-hand_5/EF-hand_5/Ras/	RAS_and_EF_hand_domain_containing	FALSE
Spis_gland_4	Spis_XP_022803308_1	F5_F8_type_C/cEGF/cEGF/FXa_inhibition/EGF_CA/cEGF/cEGF/FXa_inhibition/EGF_CA/Sushi/HYR/Ephrin_rec_like/Ephrin_rec_like/	sushi_von_Willebrand_factor_type_A_EGF_and_pentraxin_domain_containing_1	FALSE
Spis_gland_4	Spis_XP_022808911_1	HSP70/	heat_shock_protein_family_A_Hsp70_member_5	FALSE
Spis_gland_4	Spis_XP_022781334_1	WD40/WD40/	WD_and_tetratricopeptide_repeats_1	FALSE
Spis_gland_4	Spis_XP_022783475_1	EF-hand_7/EF-hand_7/	centrin_3	FALSE
Spis_gland_4	Spis_XP_022781374_1	WD40/WD40/	nucleoporin_43	FALSE
Spis_gland_4	Spis_XP_022780410_1	Na_Ca_ex/Calx-beta/Calx-beta/Na_Ca_ex/	ion-exch-NaCa.HG2.0:like:SLC8A1/SLC8A2/SLC8A3:likeclu:2	FALSE
Spis_gland_4	Spis_XP_022790980_1	Carb_anhydrase/	carbonic_anhydrase_2	FALSE
Spis_gland_4	Spis_XP_022806491_1	Transglut_N/Transglut_core/Transglut_C/	transglutaminase_1	FALSE
Spis_gland_4	Spis_XP_022784235_1	F-box-like/	F_box_protein_41	FALSE
Spis_gland_4	Spis_XP_022799668_1	Glutaredoxin/DEP/DUF547/	thioredoxin_reductase_3	FALSE
Spis_gland_4	Spis_XP_022793172_1	FAM181/	family_with_sequence_similarity_181_member_B	FALSE
Spis_gland_4	Spis_XP_022799822_1	""	glutamic acid-rich protein-like	FALSE
Spis_gland_4	Spis_XP_022798850_1	TMEM234/	transmembrane_protein_234	FALSE
Spis_gland_9	Spis_XP_022788776_1	P53/	P53.like:TP53/TP63/TP73	TRUE
Spis_gland_9	Spis_XP_022801936_1	DUF4515/	basal_body_orientation_factor_1	FALSE
Spis_gland_9	Spis_XP_022785290_1	Sec61_beta/	SEC61_translocon_subunit_beta	FALSE
Spis_gland_9	Spis_XP_022806327_1	VKG_Carbox/	gamma_glutamyl_carboxylase	FALSE
Spis_gland_9	Spis_XP_022789629_1	EF-hand_5/EF-hand_7/EF-hand_7/	calumenin	FALSE
Spis_gland_9	Spis_XP_022784085_1	Pro_isomerase/	peptidylprolyl_isomerase_B	FALSE
Spis_gland_9	Spis_XP_022802681_1	UQ_con/	AKT_interacting_protein	FALSE
Spis_gland_9	Spis_XP_022782597_1	KOW/Ribosomal_L27e/	ribosomal_protein_L27	FALSE
Spis_gland_9	Spis_XP_022786898_1	SURF4/	surfeit_4	FALSE
Spis_gland_9	Spis_XP_022798777_1	Cupin_8/	CupinJmjC.HG3.0:NA	FALSE
Spis_gland_9	Spis_XP_022781464_1	DHC_N1/DHC_N2/AAA_6/Dynein_AAA_lid/AAA_7/AAA_lid_1/AAA_8/MT/AAA_9/Dynein_heavy/AAA_lid_11/Dynein_C/	dynein_axonemal_heavy_chain_10	FALSE
Spis_gland_9	Spis_XP_022783412_1	DHC_N1/DHC_N1/DHC_N2/AAA_6/AAA_6/Dynein_AAA_lid/AAA_7/AAA_lid_1/AAA_8/AAA_9/Dynein_heavy/AAA_lid_11/Dynein_C/	dynein_axonemal_heavy_chain_8	FALSE
Spis_neuron_13	Spis_XP_022781105_1	Pou/Homeodomain/	Homeodomains.POU_POU4F1/POU_POU4F2/POU_POU4F3	TRUE
Spis_neuron_13	Spis_XP_022791197_1	HMG_box/SOXp/	HMGbox_Sox.SOX1/SOX15/SOX2/SOX3/SRY	TRUE
Spis_neuron_13	Spis_XP_022810126_1	Forkhead/	Forkhead.FOXL2	TRUE
Spis_neuron_13	Spis_XP_022799818_1	AbfB/	""	FALSE
Spis_neuron_13	Spis_XP_022798309_1	MOR2-PAG1_N/MOR2-PAG1_mid/MOR2-PAG1_mid/MOR2-PAG1_mid/MOR2-PAG1_mid/MOR2-PAG1_C/	FRY_like_transcription_coactivator	FALSE
Spis_neuron_13	Spis_XP_022793652_1	Thioredoxin/NDK/NDK/NDK/F5_F8_type_C/F5_F8_type_C/	NME_NM23_family_member_8	FALSE
Spis_neuron_13	Spis_XP_022792137_1	Ion_trans/	ion-NaKCa.HG10.4:like:KCNH2/KCNH6/KCNH7:likeclu:3	FALSE
Spis_neuron_13	Spis_XP_022790640_1	Pkinase/	Pkinase.HG140.0:MAK	FALSE
Spis_neuron_13	Spis_XP_022782619_1	C2/C2/	Synaptotagmin.HG1.46:like:SYT1/SYT2/SYT3/SYT4/SYT5/SYT6/SYT7/SYT8/SYT9/SYT10/SYT11/SYT12/SYT13/SYT17:likeclu:25/30/31/36/38/40/41	FALSE
Spis_neuron_13	Spis_XP_022786096_1	PKD_channel/Fer4_24/	ion-NaKCa.HG2.2:PKD2/PKD2L1/PKD2L2	FALSE
Spis_neuron_13	Spis_XP_022783178_1	Nudc_N/CS/	nuclear_distribution_C_dynein_complex_regulator	FALSE
Spis_neuron_13	Spis_XP_022778848_1	BTB_2/Ion_trans/	ion-NaKCa.HG1.6:KCNA1/KCNA10/KCNA2/KCNA3/KCNA4/KCNA5/KCNA6/KCNA7	FALSE
Spis_neuron_13	Spis_XP_022782475_1	Arm/	armadillo_repeat_containing_4	FALSE
Spis_neuron_13	Spis_XP_022800234_1	C2/C2/C2/	multiple_C2_and_transmembrane_domain_containing_1	FALSE
Spis_neuron_13	Spis_XP_022805592_1	SNF/SNF/	solute_carrier_family_6_member_1	FALSE
Spis_neuron_13	Spis_XP_022779206_1	""	zinc_finger_B_box_domain_containing	FALSE
Spis_neuron_13	Spis_XP_022803007_1	Robl_LC7/	dynein_light_chain_roadblock_type_2	FALSE
Spis_neuron_13	Spis_XP_022789658_1	PLAT/Ank_2/Ank_2/	RP1_axonemal_microtubule_associated	FALSE
Spis_neuron_13	Spis_XP_022797614_1	Laminin_G_2/Laminin_G_2/EGF/	Laminin.HG3.16:like:CNTNAP1/CNTNAP2/CNTNAP3/CNTNAP3B/CNTNAP4/CNTNAP5:likeclu:8	FALSE
Spis_neuron_13	Spis_XP_022794186_1	Sel1/	""	FALSE
Spis_neuron_13	Spis_XP_022788369_1	Anoct_dimer/Anoctamin/	anoctamin_7	FALSE
Spis_neuron_13	Spis_XP_022787696_1	C2/C2/FerI/C2/FerB/C2/C2/C2/C2/Ferlin_C/	Synaptotagmin.HG10.2:FER1L6/OTOF	FALSE
Spis_neuron_13	Spis_XP_022787648_1	LRR_8/	protein_phosphatase_1_regulatory_subunit_42	FALSE
Spis_neuron_13	Spis_XP_022788626_1	RIIa/IQ/IQ/	sperm_autoantigenic_protein_17	FALSE
Spis_neuron_14	Spis_XP_022792055_1	zf-C4/Hormone_recep/	zf-C4_Nuclear_receptors.unclass	TRUE
Spis_neuron_14	Spis_XP_022803726_1	LIM/LIM/Homeodomain/	Homeodomains.LIM_LHX1/LIM_LHX3/LIM_LHX4	TRUE
Spis_neuron_14	Spis_XP_022794506_1	ETS_PEA3_N/Ets/	Ets.ETV1/ETV4/ETV5	TRUE
Spis_neuron_14	Spis_XP_022781270_1	GATA/GATA/	GATA.GATA1/GATA2/GATA3	TRUE
Spis_neuron_14	Spis_XP_022798884_1	Ion_trans/Ion_trans/Ion_trans/Ion_trans/GPHH/Ca_chan_IQ/	ion-NaKCa.HG6.2:CACNA1A/CACNA1B/CACNA1C/CACNA1D/CACNA1E/CACNA1F/CACNA1S	FALSE
Spis_neuron_14	Spis_XP_022779115_1	PH/C1_1/C1_1/DAGK_cat/DAGK_acc/SAM_1/	SAM.HG1.0:DGKD/DGKH	FALSE
Spis_neuron_14	Spis_XP_022796139_1	Ank_2/	transient_receptor_potential_cation_channel_subfamily_A_member_1	FALSE
Spis_neuron_14	Spis_XP_022786339_1	NYD-SP28/NYD-SP28_assoc/	dynein_regulatory_complex_subunit_1	FALSE
Spis_neuron_14	Spis_XP_022800545_1	S8_pro-domain/Peptidase_S8/P_proprotein/	proprotein_convertase_subtilisin_kexin_type_1	FALSE
Spis_neuron_14	Spis_XP_022807394_1	Cupin_8/	CupinJmjC.HG1.17:like:HIF1AN:likeclu:18	FALSE
Spis_neuron_14	Spis_XP_022794598_1	WD40/WD40/WD40/WD40/WD40/WD40/	WD_repeat_domain_86	FALSE
Spis_neuron_14	Spis_XP_022789470_1	B56/	protein_phosphatase_2_regulatory_subunit_B_alpha	FALSE
Spis_neuron_14	Spis_XP_022800264_1	zf-C3HC4_2/WD40/WD40/WD40/	TNF_receptor_associated_factor_7	FALSE
Spis_neuron_14	Spis_XP_022795630_1	CH/CH/Spectrin/Spectrin/Spectrin/Spectrin/Spectrin/Spectrin/Spectrin/Spectrin/Spectrin/Spectrin/Spectrin/Spectrin/Spectrin/Spectrin/Spectrin/Spectrin/Spectrin/PH_9/	Spectrin.HG1.12:SPTB/SPTBN1/SPTBN2/SPTBN4	FALSE
Spis_neuron_14	Spis_XP_022805587_1	Pkinase/	Pkinase.HG12.2:PIM1/PIM2/PIM3	FALSE
Spis_neuron_14	Spis_XP_022803360_1	DAG_kinase_N/EF-hand_7/C1_1/C1_1/DAGK_cat/DAGK_acc/	diacylglycerol_kinase_beta	FALSE
Spis_neuron_14	Spis_XP_022794784_1	Maf1/	MAF1_homolog_negative_regulator_of_RNA_polymerase_III	FALSE
Spis_neuron_14	Spis_XP_022778848_1	BTB_2/Ion_trans/	ion-NaKCa.HG1.6:KCNA1/KCNA10/KCNA2/KCNA3/KCNA4/KCNA5/KCNA6/KCNA7	FALSE
Spis_neuron_14	Spis_XP_022791653_1	Ion_trans_2/	ion-glutamate.HG2.14:NA	FALSE
Spis_neuron_14	Spis_XP_022795227_1	Neur_chan_LBD/Neur_chan_memb/	ion-neuro-gated.HG1.3:AC243734/AC254952/CHRFAM7A/CHRNA1/CHRNA2/CHRNA3/CHRNA4/CHRNA5/CHRNA6/CHRNA7/CHRNB1/CHRNB2/CHRNB3/CHRNB4/CHRND/CHRNE/CHRNG	FALSE
Spis_neuron_14	Spis_XP_022783309_1	""	zinc_finger_SWIM_type_containing_5	FALSE
Spis_neuron_14	Spis_XP_022790424_1	Tetraspanin/	CD151_molecule_Raph_blood_group_	FALSE
Spis_neuron_14	Spis_XP_022801039_1	Bax1-I/	Fas_apoptotic_inhibitory_molecule_2	FALSE
Spis_neuron_14	Spis_XP_022795393_1	Ank_2/Ank/Ank_2/Ank_2/Ank_2/KAP_NTPase/	kinase_D_interacting_substrate_220	FALSE
Spis_neuron_14	Spis_XP_022794859_1	PHD/zf-MYND/	PHD.HG7.1:like:MTF2/PHF1/PHF19:likeclu:2	FALSE
Spis_neuron_14	Spis_XP_022800463_1	C2/C2/	Synaptotagmin.HG1.17:C2CD4C/C2CD4D/TC2N	FALSE
Spis_neuron_14	Spis_XP_022785053_1	UNC80/	unc_80_homolog_NALCN_channel_complex_subunit	FALSE
Spis_neuron_14	Spis_XP_022788369_1	Anoct_dimer/Anoctamin/	anoctamin_7	FALSE
Spis_neuron_14	Spis_XP_022788696_1	Y_phosphatase/	Y_phosphatase.HG6.0:PTPRN/PTPRN2	FALSE
Spis_neuron_14	Spis_XP_022805062_1	RRM_7/CEBP_ZZ/	RRM.HG36.0:CPEB2/CPEB3/CPEB4	FALSE
Spis_neuron_14	Spis_XP_022804586_1	AA_permease/	solute_carrier_family_12_member_8	FALSE
Spis_neuron_14	Spis_XP_022808866_1	fn3/fn3/fn3/Y_phosphatase/Y_phosphatase/	protein_tyrosine_phosphatase_receptor_type_D	FALSE
Spis_neuron_14	Spis_XP_022803520_1	GAF_2/GAF/PDEase_I/	phosphodiesterase_10A	FALSE
Spis_neuron_14	Spis_XP_022799093_1	GST_N_4/GST_C_6/	failed_axon_connections_homolog_metaxin_like_GST_domain_containing	FALSE
Spis_neuron_2	Spis_XP_022792789_1	RBB1NT/ARID/Tudor-knot/	ARID_BRIGHT.ARID4A/ARID4B	TRUE
Spis_neuron_2	Spis_XP_022799041_1	MH1/MH1/zf-HC5HC2H/PHD/PHD/	SMAD_MH1.like:SMAD4	TRUE
Spis_neuron_2	Spis_XP_022781105_1	Pou/Homeodomain/	Homeodomains.POU_POU4F1/POU_POU4F2/POU_POU4F3	TRUE
Spis_neuron_2	Spis_XP_022780370_1	SCAPER_N/zf-met/	zf-met.SCAPER	TRUE
Spis_neuron_2	Spis_XP_022788323_1	zf-C2H2/zf-C2H2/zf-C2H2/	zf-C2H2.KLF6/KLF7	TRUE
Spis_neuron_2	Spis_XP_022798071_1	""	Gse1_coiled_coil_protein	FALSE
Spis_neuron_2	Spis_XP_022799818_1	AbfB/	""	FALSE
Spis_neuron_2	Spis_XP_022780302_1	PKD/REJ/GPS/PLAT/PKD_channel/	polycystin_1_like_2_gene_pseudogene_	FALSE
Spis_neuron_2	Spis_XP_022794323_1	""	trichohyalin-like	FALSE
Spis_neuron_2	Spis_XP_022784222_1	Ion_trans_2/	ion-NaKCa.HG3.3:NA	FALSE
Spis_neuron_2	Spis_XP_022787404_1	Vps54_N/Vps54/	VPS54_subunit_of_GARP_complex	FALSE
Spis_neuron_2	Spis_XP_022782344_1	CCDC154/	coiled-coil domain-containing protein 154-like	FALSE
Spis_neuron_2	Spis_XP_022804436_1	WD40/ANAPC4_WD40/WD40/	EMAP_like_6	FALSE
Spis_neuron_2	Spis_XP_022779449_1	Myotub-related/PH/	myotubularin_related_protein_1	FALSE
Spis_neuron_2	Spis_XP_022782002_1	""	nucleolar protein 58-like	FALSE
Spis_neuron_2	Spis_XP_022780220_1	BRE1/	coiled_coil_domain_containing_40	FALSE
Spis_neuron_2	Spis_XP_022793389_1	Ion_trans/Ion_trans/Ion_trans/Ion_trans/GPHH/Ca_chan_IQ/	ion-NaKCa.HG6.2:CACNA1A/CACNA1B/CACNA1C/CACNA1D/CACNA1E/CACNA1F/CACNA1S	FALSE
Spis_neuron_2	Spis_XP_022783797_1	Cnn_1N/	CDK5_regulatory_subunit_associated_protein_2	FALSE
Spis_neuron_2	Spis_XP_022793550_1	""	""	FALSE
Spis_neuron_2	Spis_XP_022782220_1	""	""	FALSE
Spis_neuron_2	Spis_XP_022793165_1	Drf_GBD/Drf_FH3/Drf_FH1/FH2/	inverted_formin_FH2_and_WH2_domain_containing	FALSE
Spis_neuron_2	Spis_XP_022804315_1	Myelin_PLP/	glycoprotein_M6A	FALSE
Spis_neuron_2	Spis_XP_022794324_1	EF-hand_7/	ninein_like	FALSE
Spis_neuron_2	Spis_XP_022805750_1	TACC_C/	transforming_acidic_coiled_coil_containing_protein_1	FALSE
Spis_neuron_2	Spis_XP_022786866_1	""	AT_hook_transcription_factor	FALSE
Spis_neuron_2	Spis_XP_022783761_1	BK_channel_a/	potassium_sodium_activated_channel_subfamily_T_member_1	FALSE
Spis_neuron_2	Spis_XP_022792137_1	Ion_trans/	ion-NaKCa.HG10.4:like:KCNH2/KCNH6/KCNH7:likeclu:3	FALSE
Spis_neuron_2	Spis_XP_022790640_1	Pkinase/	Pkinase.HG140.0:MAK	FALSE
Spis_neuron_2	Spis_XP_022792270_1	EF-hand_5/EF-hand_5/Ras/	RAS_and_EF_hand_domain_containing	FALSE
Spis_neuron_2	Spis_XP_022798393_1	Ank_2/GPCR_chapero_1/UIM/UIM/UIM/UIM/	ankyrin_repeat_domain_13B	FALSE
Spis_neuron_2	Spis_XP_022799040_1	zf-HC5HC2H/PHD/PHD/PHD/zf-HC5HC2H/FYRN/FYRC/SET/	PHD.HG2.5:KMT2C/KMT2D	FALSE
Spis_neuron_2	Spis_XP_022782888_1	JAKMIP_CC3/SH3_2/SH3_2/SH3_2/	RIMSbp.HG1.7:RIMBP2/RIMBP3/RIMBP3B/RIMBP3C/TSPOAP1	FALSE
Spis_neuron_2	Spis_XP_022806255_1	DUF4590/LRR_6/LRR_6/LRR_6/	glutamate_rich_3	FALSE
Spis_neuron_2	Spis_XP_022790765_1	Guanylate_kin/	Guanylate_kin.HG3.0:CACNB1/CACNB2/CACNB3/CACNB4	FALSE
Spis_neuron_2	Spis_XP_022789758_1	Hydrolase_4/	abhydrolase_domain_containing_15	FALSE
Spis_neuron_2	Spis_XP_022804302_1	Ion_trans_2/Ion_trans_2/	potassium_two_pore_domain_channel_subfamily_K_member_9	FALSE
Spis_neuron_2	Spis_XP_022793417_1	SAP/SPRY/AAA_33/	heterogeneous_nuclear_ribonucleoprotein_U_like_1	FALSE
Spis_neuron_2	Spis_XP_022781385_1	Peptidase_C2/	androglobin	FALSE
Spis_neuron_2	Spis_XP_022794598_1	WD40/WD40/WD40/WD40/WD40/WD40/	WD_repeat_domain_86	FALSE
Spis_neuron_2	Spis_XP_022786096_1	PKD_channel/Fer4_24/	ion-NaKCa.HG2.2:PKD2/PKD2L1/PKD2L2	FALSE
Spis_neuron_2	Spis_XP_022807516_1	HATPase_c_3/Morc6_S5/zf-CW/	zf-CW.HG1.3:MORC1/MORC2	FALSE
Spis_neuron_2	Spis_XP_022798128_1	eIF3_N/PCI/	eukaryotic_translation_initiation_factor_3_subunit_E	FALSE
Spis_neuron_2	Spis_XP_022799440_1	MIP-T3/MIP-T3_C/	TRAF3_interacting_protein_1	FALSE
Spis_neuron_2	Spis_XP_022794483_1	DUF773/	CDK5_regulatory_subunit_associated_protein_3	FALSE
Spis_neuron_2	Spis_XP_022803370_1	RGM_N/RGM_C/	repulsive_guidance_molecule_BMP_co_receptor_a	FALSE
Spis_neuron_2	Spis_XP_022787574_1	AAA_33/DUF1771/Smr/	NEDD4_binding_protein_2	FALSE
Spis_neuron_2	Spis_XP_022794784_1	Maf1/	MAF1_homolog_negative_regulator_of_RNA_polymerase_III	FALSE
Spis_neuron_2	Spis_XP_022778848_1	BTB_2/Ion_trans/	ion-NaKCa.HG1.6:KCNA1/KCNA10/KCNA2/KCNA3/KCNA4/KCNA5/KCNA6/KCNA7	FALSE
Spis_neuron_2	Spis_XP_022791135_1	DSL/EGF/EGF/EGF/EGF/EGF/EGF/hEGF/EGF/EGF/EGF/EGF/EGF/EGF/hEGF/EGF/EGF/EGF/EGF/EGF/	DSL.HG1.0:DLL1/DLL4/JAG1/JAG2	FALSE
Spis_neuron_2	Spis_XP_022797749_1	7tm_1/	GPCR-rhodopsin.HG1.19:GPR26/GPR78	FALSE
Spis_neuron_2	Spis_XP_022791653_1	Ion_trans_2/	ion-glutamate.HG2.14:NA	FALSE
Spis_neuron_2	Spis_XP_022782475_1	Arm/	armadillo_repeat_containing_4	FALSE
Spis_neuron_2	Spis_XP_022803384_1	Na_Ca_ex/Na_Ca_ex/	ion-exch-NaCa.HG1.0:SLC24A1/SLC24A2	FALSE
Spis_neuron_2	Spis_XP_022786492_1	EF-hand_9/KASH_CCD/MRVI1/	lymphoid_restricted_membrane_protein	FALSE
Spis_neuron_2	Spis_XP_022784399_1	MFS_1/Laminin_G_3/	Laminin.HG14.1:NA	FALSE
Spis_neuron_2	Spis_XP_022785630_1	zf-C2HC_2/zf-C2HC_2/zf-C2HC_2/zf-C2HC_2/	zinc_finger_protein_474	FALSE
Spis_neuron_2	Spis_XP_022786451_1	Band_7/	stomatin	FALSE
Spis_neuron_2	Spis_XP_022780653_1	DUF4795/	glutamine_rich_2	FALSE
Spis_neuron_2	Spis_XP_022785811_1	MATH/OAS1_C/	2_5_oligoadenylate_synthetase_1	FALSE
Spis_neuron_2	Spis_XP_022804142_1	C12orf66_like/	chromosome_12_open_reading_frame_66	FALSE
Spis_neuron_2	Spis_XP_022783309_1	""	zinc_finger_SWIM_type_containing_5	FALSE
Spis_neuron_2	Spis_XP_022798170_1	WD40/WD40/WD40/	fizzy_and_cell_division_cycle_20_related_1	FALSE
Spis_neuron_2	Spis_XP_022786210_1	NOT2_3_5/	CCR4_NOT_transcription_complex_subunit_2	FALSE
Spis_neuron_2	Spis_XP_022799333_1	TB2_DP1_HVA22/	receptor_accessory_protein_5	FALSE
Spis_neuron_2	Spis_XP_022788829_1	""	grainyhead_like_transcription_factor_1	FALSE
Spis_neuron_2	Spis_XP_022806546_1	IFT57/	intraflagellar_transport_57	FALSE
Spis_neuron_2	Spis_XP_022778307_1	GAS/	growth_arrest_specific_8	FALSE
Spis_neuron_2	Spis_XP_022794334_1	LisH_TPL/WD40/WD40/WD40/	WD_repeat_domain_26	FALSE
Spis_neuron_2	Spis_XP_022803428_1	RhoGAP/	family_with_sequence_similarity_13_member_A	FALSE
Spis_neuron_2	Spis_XP_022802586_1	EF-hand_5/EF-hand_7/	neuronal_calcium_sensor_1	FALSE
Spis_neuron_2	Spis_XP_022792788_1	Na_Ca_ex/Na_Ca_ex_C/Calx-beta/Calx-beta/Na_Ca_ex/	ion-exch-NaCa.HG2.2:SLC8A1/SLC8A2/SLC8A3	FALSE
Spis_neuron_2	Spis_XP_022795129_1	F-box-like/LRR_6/LRR_6/	F_box_and_leucine_rich_repeat_protein_20	FALSE
Spis_neuron_2	Spis_XP_022783085_1	HABP4_PAI-RBP1/	SERPINE1_mRNA_binding_protein_1	FALSE
Spis_neuron_2	Spis_XP_022792316_1	FAD_binding_4/ALO/	fad_oxireduct.HG1.9:like:DHCR24:likeclu:4	FALSE
Spis_neuron_2	Spis_XP_022788536_1	""	spidroin-1-like isoform X1	FALSE
Spis_neuron_2	Spis_XP_022806331_1	AC_N/Guanylate_cyc/Guanylate_cyc/	adenylate_cyclase_3	FALSE
Spis_neuron_2	Spis_XP_022782895_1	EF-hand_6/EF-hand_7/	potassium_voltage_gated_channel_interacting_protein_3	FALSE
Spis_neuron_2	Spis_XP_022795583_1	Glyco_hydr_116N/DUF608/	""	FALSE
Spis_neuron_2	Spis_XP_022788070_1	SAP/RRM_1/	RRM.HG1.6:SAFB/SAFB2/SLTM	FALSE
Spis_neuron_2	Spis_XP_022808033_1	""	""	FALSE
Spis_neuron_2	Spis_XP_022794919_1	WD40/WD40/WD40/WD40/WD40/Bromodomain/Bromodomain/	Bromodomain.HG9.1:BRWD1/BRWD3/PHIP	FALSE
Spis_neuron_2	Spis_XP_022791625_1	Arm/	armadillo_repeat_containing_4	FALSE
Spis_neuron_2	Spis_XP_022794014_1	CUB/GPS/7tm_2/	GPCR-secretin.HG1.24:like:ADGRE1/ADGRE2/ADGRE3/ADGRE5/ADGRL1/ADGRL2/ADGRL3/ADGRL4/CELSR1/CELSR2/CELSR3:likeclu:35/44/45/46/47/72/73	FALSE
Spis_neuron_2	Spis_XP_022784864_1	Anoctamin/	anoctamin_8	FALSE
Spis_neuron_2	Spis_XP_022789257_1	Ion_trans_2/Ion_trans_2/	potassium_two_pore_domain_channel_subfamily_K_member_16	FALSE
Spis_neuron_2	Spis_XP_022790154_1	F5_F8_type_C/F5_F8_type_C/	milk_fat_globule_EGF_factor_8_protein	FALSE
Spis_neuron_2	Spis_XP_022790109_1	Kinesin/	kinesin_family_member_27	FALSE
Spis_neuron_2	Spis_XP_022806392_1	IFRD/IFRD/IFRD_C/	interferon_related_developmental_regulator_2	FALSE
Spis_neuron_2	Spis_XP_022779652_1	SNF/	solute_carrier_family_6_member_19	FALSE
Spis_neuron_2	Spis_XP_022779603_1	SNF/	solute_carrier_family_6_member_19	FALSE
Spis_neuron_2	Spis_XP_022782721_1	TPH/	coiled_coil_domain_containing_173	FALSE
Spis_neuron_2	Spis_XP_022804967_1	TPR_16/TPR_7/TPR_16/	tetratricopeptide_repeat_domain_8	FALSE
Spis_neuron_2	Spis_XP_022780101_1	""	BAH_domain_and_coiled_coil_containing_1	FALSE
Spis_neuron_2	Spis_XP_022787696_1	C2/C2/FerI/C2/FerB/C2/C2/C2/C2/Ferlin_C/	Synaptotagmin.HG10.2:FER1L6/OTOF	FALSE
Spis_neuron_2	Spis_XP_022781288_1	VWA_N/VWA/	calcium_voltage_gated_channel_auxiliary_subunit_alpha2delta_1	FALSE
Spis_neuron_2	Spis_XP_022804241_1	Trefoil/ABC2_membrane_3/ABC_tran/ABC2_membrane_3/ABC_tran/	ATP_binding_cassette_subfamily_A_member_1	FALSE
Spis_neuron_2	Spis_XP_022781125_1	""	centrosomal_protein_162	FALSE
Spis_neuron_2	Spis_XP_022785026_1	C2/C2/C2/PRT_C/	Synaptotagmin.HG2.7:MCTP1/MCTP2	FALSE
Spis_neuron_2	Spis_XP_022785281_1	PAS/PAS_3/	aryl_hydrocarbon_receptor	FALSE
Spis_neuron_2	Spis_XP_022803536_1	CytochromB561_N/	transmembrane_protein_209	FALSE
Spis_neuron_6	Spis_XP_022779261_1	bZIP_Maf/	bZIP.BACH1/BACH2/NFE2/NFE2L1/NFE2L2/NFE2L3	TRUE
Spis_neuron_6	Spis_XP_022781574_1	zf-C2H2/zf-C2H2/zf-C2H2/	zf-C2H2.EGR1/EGR2/EGR3/EGR4	TRUE
Spis_neuron_6	Spis_XP_022789725_1	RFX_DNA_binding/	RFX.RFX4/RFX6/RFX8	TRUE
Spis_neuron_6	Spis_XP_022789920_1	Forkhead_N/Forkhead/HNF_C/	Forkhead.FOXA1/FOXA2/FOXA3	TRUE
Spis_neuron_6	Spis_XP_022794506_1	ETS_PEA3_N/Ets/	Ets.ETV1/ETV4/ETV5	TRUE
Spis_neuron_6	Spis_XP_022794618_1	Homeodomain/	Homeodomains.like:ANTP_NKX2-1/ANTP_NKX2-2/ANTP_NKX2-3/ANTP_NKX2-4/ANTP_NKX2-5/ANTP_NKX2-6/ANTP_NKX2-8/ANTP_NKX3-1/ANTP_NKX3-2	TRUE
Spis_neuron_6	Spis_XP_022806717_1	HMG_box/	HMGbox_Sox.BBX/CIC	TRUE
Spis_neuron_6	Spis_XP_022790128_1	Acyltransferase/	1_acylglycerol_3_phosphate_O_acyltransferase_1	FALSE
Spis_neuron_6	Spis_XP_022788259_1	7tm_1/	GPCR-rhodopsin.HG9.18:NA	FALSE
Spis_neuron_6	Spis_XP_022805565_1	7tm_1/	GPCR-rhodopsin.HG1.78:like:GPR27/GPR50/GPR85/GPR173:likeclu:48/49	FALSE
Spis_neuron_6	Spis_XP_022805232_1	7tm_1/	GPCR-rhodopsin.HG1.27:like:GPR101/GPR161:likeclu:42/53	FALSE
Spis_neuron_6	Spis_XP_022792697_1	7tm_1/	GPCR-rhodopsin.HG8.24:like:ADORA2B:likeclu:11	FALSE
Spis_neuron_6	Spis_XP_022794827_1	7tm_1/	GPCR-rhodopsin.HG8.12:like:ADORA2B:likeclu:11	FALSE
Spis_neuron_6	Spis_XP_022806567_1	MAM/MAM/MAM/Lectin_C/Laminin_G_3/Lectin_C/MAM/Ldl_recept_a/Ldl_recept_a/MAM/F5_F8_type_C/F5_F8_type_C/F5_F8_type_C/F5_F8_type_C/F5_F8_type_C/Pentaxin/MAM/CUB/LRR_8/LRR_8/7tm_1/	Lectin_C.HG5.5:like:DGCR2:likeclu:1	FALSE
Spis_neuron_6	Spis_XP_022809606_1	""	""	FALSE
Spis_neuron_6	Spis_XP_022806577_1	7tm_1/	GPCR-rhodopsin.HG20.4:RXFP1/RXFP2	FALSE
Spis_neuron_6	Spis_XP_022800065_1	GPS/7tm_2/	GPCR-secretin.HG1.5:ADGRD2	FALSE
Spis_neuron_6	Spis_XP_022793709_1	GAIN/GPS/7tm_2/	GPCR-secretin.HG1.5:ADGRD2	FALSE
Spis_neuron_6	Spis_XP_022789860_1	cNMP_binding/	protein_kinase_cAMP_dependent_type_II_regulatory_subunit_beta	FALSE
Spis_neuron_6	Spis_XP_022801036_1	PLAT/	polycystin_1_like_2_gene_pseudogene_	FALSE
Spis_neuron_6	Spis_XP_022780302_1	PKD/REJ/GPS/PLAT/PKD_channel/	polycystin_1_like_2_gene_pseudogene_	FALSE
Spis_neuron_6	Spis_XP_022798405_1	Peptidase_M14/CarboxypepD_reg/	carboxypeptidase_D	FALSE
Spis_neuron_6	Spis_XP_022779710_1	SSDP/	single_stranded_DNA_binding_protein_3	FALSE
Spis_neuron_6	Spis_XP_022799819_1	Glyco_transf_29/	ST6_N_acetylgalactosaminide_alpha_2_6_sialyltransferase_5	FALSE
Spis_neuron_6	Spis_XP_022791467_1	TRP_2/Ion_trans/	ion-NaKCa.HG5.0:TRPC1/TRPC3/TRPC4/TRPC5/TRPC6/TRPC7	FALSE
Spis_neuron_6	Spis_XP_022790062_1	ANF_receptor/SBP_bac_3/Lig_chan/	ion-glutamate.HG3.8:like:GRIN1/GRIN2A/GRIN2B/GRIN2C/GRIN2D/GRIN3A/GRIN3B:likeclu:0/1	FALSE
Spis_neuron_6	Spis_XP_022790110_1	SBP_bac_3/Lig_chan/	ion-glutamate.HG3.8:like:GRIN1/GRIN2A/GRIN2B/GRIN2C/GRIN2D/GRIN3A/GRIN3B:likeclu:0/1	FALSE
Spis_neuron_6	Spis_XP_022797480_1	Fcf1/	UTP23_small_subunit_processome_component	FALSE
Spis_neuron_6	Spis_XP_022799440_1	MIP-T3/MIP-T3_C/	TRAF3_interacting_protein_1	FALSE
Spis_neuron_6	Spis_XP_022791734_1	adh_short_C2/	sterol_dehydrogenase.HG1.19:DHRS2/DHRS4/DHRS4L2	FALSE
Spis_neuron_6	Spis_XP_022793120_1	PHTB1_N/PHTB1_C/	Bardet_Biedl_syndrome_9	FALSE
Spis_neuron_6	Spis_XP_022788369_1	Anoct_dimer/Anoctamin/	anoctamin_7	FALSE
Spis_neuron_6	Spis_XP_022787717_1	ABC_transp_aux/	intraflagellar_transport_52	FALSE
Spis_neuron_6	Spis_XP_022789758_1	Hydrolase_4/	abhydrolase_domain_containing_15	FALSE
Spis_neuron_6	Spis_XP_022780815_1	C2/C2/	Synaptotagmin.HG1.38:SYT12	FALSE
Spis_neuron_6	Spis_XP_022799207_1	PurA/	purine_rich_element_binding_protein_A	FALSE
Spis_neuron_6	Spis_XP_022804573_1	Ax_dynein_light/	dynein_axonemal_light_intermediate_chain_1	FALSE
Spis_neuron_6	Spis_XP_022807370_1	Pkinase_Tyr/	Pkinase.HG4.5:NA	FALSE
Spis_neuron_6	Spis_XP_022795036_1	Pkinase_Tyr/Pkinase_Tyr/	Pkinase.HG4.1:NA	FALSE
Spis_neuron_6	Spis_XP_022800292_1	DHC_N1/DHC_N2/AAA_6/Dynein_AAA_lid/AAA_7/AAA_lid_1/AAA_8/MT/AAA_9/Dynein_heavy/AAA_lid_11/Dynein_C/	dynein_axonemal_heavy_chain_17	FALSE
Spis_neuron_6	Spis_XP_022797723_1	DHC_N1/DHC_N2/AAA_6/Dynein_AAA_lid/AAA_7/AAA_lid_1/AAA_8/MT/AAA_9/Dynein_heavy/AAA_lid_11/Dynein_C/	dynein_axonemal_heavy_chain_2	FALSE
Spis_neuron_6	Spis_XP_022788946_1	ANF_receptor/7tm_3/	GPCR-glutamate.HG2.13:like:GABBR1/GABBR2:likeclu:17/23	FALSE
Spis_neuron_6	Spis_XP_022781406_1	ANF_receptor/7tm_3/	GPCR-glutamate.HG2.13:like:GABBR1/GABBR2:likeclu:17/23	FALSE
Spis_neuron_6	Spis_XP_022804067_1	DHC_N1/DHC_N2/AAA_6/AAA_7/AAA_lid_1/AAA_8/MT/AAA_9/Dynein_heavy/AAA_lid_11/Dynein_C/	dynein_cytoplasmic_2_heavy_chain_1	FALSE
Spis_neuron_6	Spis_XP_022784621_1	ANF_receptor/7tm_3/	GPCR-glutamate.HG1.33:GPRC5A/GPRC5B/GPRC5C/GPRC5D/GRM1/GRM2/GRM3/GRM4/GRM5/GRM6/GRM7/GRM8	FALSE
Spis_neuron_6	Spis_XP_022793340_1	7tm_1/	GPCR-rhodopsin.HG28.0:NA	FALSE
Spis_neuron_6	Spis_XP_022779048_1	HSP70/	heat_shock_protein_family_A_Hsp70_member_8	FALSE
Spis_neuron_6	Spis_XP_022780263_1	ANF_receptor/Pkinase_Tyr/Guanylate_cyc/	ANF_receptor.HG3.13:like:GUCY2D/GUCY2F/NPR1/NPR2/NPR3:likeclu:1/7	FALSE
Spis_neuron_6	Spis_XP_022796615_1	GAF/GAF/PDEase_I/	phosphodiesterase_11A	FALSE
Spis_neuron_6	Spis_XP_022790414_1	uDENN/DENN/	MAP_kinase_activating_death_domain	FALSE
Spis_neuron_6	Spis_XP_022784379_1	PAS_9/Ion_trans/cNMP_binding/	ion-NaKCa.HG10.0:AL590132/KCNH1/KCNH5	FALSE
Spis_neuron_6	Spis_XP_022803520_1	GAF_2/GAF/PDEase_I/	phosphodiesterase_10A	FALSE
Spis_neuron_6	Spis_XP_022784075_1	Endosulfine/	endosulfine_alpha	FALSE
Spis_neuron_6	Spis_XP_022779943_1	Ion_trans_2/	ion-NaKCa.HG3.0:NA	FALSE
Spis_neuron_6	Spis_XP_022798653_1	BTB_2/Ion_trans/	ion-NaKCa.HG8.14:like:KCNB1/KCNB2/KCNF1/KCNG1/KCNG2/KCNG3/KCNG4/KCNS1/KCNS2/KCNS3/KCNV1/KCNV2:likeclu:8	FALSE
Spis_neuron_6	Spis_XP_022789977_1	BTB_2/Ion_trans/	ion-NaKCa.HG1.25:like:KCNA1/KCNA2/KCNA3/KCNA4/KCNA5/KCNA6/KCNA7/KCNA10:likeclu:6	FALSE
Spis_neuron_6	Spis_XP_022785711_1	BTB_2/Ion_trans/	ion-NaKCa.HG8.9:like:KCNB1/KCNB2/KCNF1/KCNG1/KCNG2/KCNG3/KCNG4/KCNS1/KCNS2/KCNS3/KCNV1/KCNV2:likeclu:8	FALSE
Spis_neuron_6	Spis_XP_022782152_1	""	""	FALSE
Spis_neuron_6	Spis_XP_022804361_1	fn3/fn3/	protein_tyrosine_phosphatase_receptor_type_S	FALSE
Spis_neuron_6	Spis_XP_022781419_1	""	primary_cilia_formation	FALSE
Spis_neuron_6	Spis_XP_022779262_1	""	mucin-17-like isoform X1	FALSE
Spis_neuron_6	Spis_XP_022802770_1	Pkinase/	Pkinase.HG73.2:DYRK2/DYRK3	FALSE
Spis_neuron_6	Spis_XP_022787341_1	KH_1/KH_1/KH_1/KH_1/	KH.HG7.0:IGF2BP1/IGF2BP2/IGF2BP3	FALSE
Spis_neuron_6	Spis_XP_022807844_1	""	""	FALSE
Spis_neuron_6	Spis_XP_022794014_1	CUB/GPS/7tm_2/	GPCR-secretin.HG1.24:like:ADGRE1/ADGRE2/ADGRE3/ADGRE5/ADGRL1/ADGRL2/ADGRL3/ADGRL4/CELSR1/CELSR2/CELSR3:likeclu:35/44/45/46/47/72/73	FALSE
Spis_neuron_6	Spis_XP_022797242_1	""	sporulation-specific protein 15-like	FALSE
Spis_neuron_6	Spis_XP_022804107_1	PAN_1/COLFI/	Collagen.HG4.2:like:CCBE1/COLEC12/SCARA3:likeclu:3	FALSE
Spis_neuron_6	Spis_XP_022798355_1	Pep_M12B_propep/Reprolysin/ADAM_CR_2/TSP_1/ADAM_spacer1/TSP1_ADAMTS/TSP1_ADAMTS/TSP1_ADAMTS/	ADAM_metallopeptidase_with_thrombospondin_type_1_motif_6	FALSE
Spis_neuron_6	Spis_XP_022795785_1	Peptidase_M1_N/Peptidase_M1/ERAP1_C/	glutamyl_aminopeptidase	FALSE
Spis_neuron_6	Spis_XP_022779337_1	Pkinase_Tyr/	Pkinase.HG6.8:ACVR2A/ACVR2B	FALSE
Spis_neuron_6	Spis_XP_022782265_1	Thiolase_N/Thiolase_C/	sterol_carrier_protein_2	FALSE
Spis_neuron_6	Spis_XP_022804157_1	""	WD_repeat_domain_60	FALSE
Spis_neuron_6	Spis_XP_022793696_1	Aminotran_1_2/	glutamic_oxaloacetic_transaminase_2	FALSE
Spis_neuron_6	Spis_XP_022805937_1	AC_N/Guanylate_cyc/DUF1053/Guanylate_cyc/	adenylate_cyclase_5	FALSE
Spis_neuron_6	Spis_XP_022807505_1	Pkinase/	Pkinase.HG115.0:TAOK1/TAOK2/TAOK3	FALSE
Spis_neuron_6	Spis_XP_022806086_1	G-alpha/	G_protein_subunit_alpha_i1	FALSE
Spis_neuron_6	Spis_XP_022784120_1	SIR2/	SIR2.HG2.3:SIRT6	FALSE
Spis_neuron_6	Spis_XP_022788373_1	PACT_coil_coil/	A_kinase_anchoring_protein_9	FALSE
Spis_neuron_6	Spis_XP_022806449_1	DUF229/	""	FALSE
Spis_neuron_6	Spis_XP_022785277_1	PH_14/EF-hand_like/PI-PLC-X/PI-PLC-Y/DUF1154/	phospholipase_C_beta_4	FALSE
Spis_neuron_6	Spis_XP_022777979_1	""	""	FALSE
Spis_neuron_6	Spis_XP_022781968_1	Tropomyosin/	tropomyosin-like	FALSE
Spis_neuron_6	Spis_XP_022791711_1	Ank_2/Ank_4/Ion_trans/	ion-NaKCa.HG4.1:TRPA1	FALSE
Spis_neuron_6	Spis_XP_022779652_1	SNF/	solute_carrier_family_6_member_19	FALSE
Spis_neuron_6	Spis_XP_022809733_1	Ig_3/Ig_3/fn3/	fibronectin.HG2.37:like:AXL/MERTK/NPHS1/ROS1/TEK/TIE1/TYRO3/VSIG10L2:likeclu:13/15/17/18/24	FALSE
Spis_neuron_6	Spis_XP_022780420_1	WD40/	dynein_axonemal_intermediate_chain_1	FALSE
Spis_neuron_6	Spis_XP_022798775_1	Sfi1/Sfi1/	""	FALSE
Spis_neuron_6	Spis_XP_022803393_1	WH1/	Homer.HG3.0:HOMER1/HOMER2/HOMER3	FALSE
Spis_neuron_6	Spis_XP_022807058_1	LRR_8/LRR_8/7tm_1/	GPCR-rhodopsin.HG57.1:FSHR/LHCGR/TSHR	FALSE
Spis_neuron_6	Spis_XP_022800179_1	HELP/WD40/WD40/WD40/	EMAP_like_2	FALSE
Spis_neuron_6	Spis_XP_022792613_1	LRR_8/LRR_5/LRR_8/LRR_8/LRR_8/EGF_CA/EGF_CA/EGF_3/TSP_3/TSP_3/TSP_3/TSP_3/TSP_3/TSP_3/TSP_C/Laminin_G_3/	Laminin.HG18.0:NA	FALSE
Spis_neuron_6	Spis_XP_022802781_1	""	""	FALSE
Spis_neuron_6	Spis_XP_022799372_1	BTB_2/	potassium_channel_tetramerization_domain_containing_8	FALSE
Spis_neuron_6	Spis_XP_022802440_1	7tm_1/	GPCR-rhodopsin.HG71.1:NA	FALSE
Spis_neuron_6	Spis_XP_022803537_1	Aldedh/Aldedh/	aldehyde_dehydrogenase_5_family_member_A1	FALSE
Spis_neuron_6	Spis_XP_022805906_1	PDZ/RGS-like/C1_1/RhoGEF/PH_16/	PDZ.HG2.0:ARHGEF11/ARHGEF12	FALSE
Spis_neuron_6	Spis_XP_022790934_1	Pkinase/	Pkinase.HG159.0:MOK	FALSE
Spis_neuron_6	Spis_XP_022798029_1	DAO/	D_aspartate_oxidase	FALSE
Spis_neuron_6	Spis_XP_022791611_1	C2/C2/RasGAP/RasGAP/PH/BTK/	RasGAP.HG1.1:RASA2/RASA3	FALSE
Spis_neuron_6	Spis_XP_022804449_1	Kinesin/FHA/	kinesin_family_member_1B	FALSE
Spis_neuron_6	Spis_XP_022792270_1	EF-hand_5/EF-hand_5/Ras/	RAS_and_EF_hand_domain_containing	FALSE
Spis_neuron_6	Spis_XP_022807319_1	Ank_4/	protein_phosphatase_1_regulatory_subunit_27	FALSE
Spis_neuron_6	Spis_XP_022805580_1	""	LOW QUALITY PROTEIN: trichohyalin-like	FALSE
Spis_neuron_6	Spis_XP_022790535_1	KH_1/KH_1/KH_1/KH_1/	KH.HG1.3:FUBP1/FUBP3/KHSRP	FALSE
Spis_neuron_6	Spis_XP_022786096_1	PKD_channel/Fer4_24/	ion-NaKCa.HG2.2:PKD2/PKD2L1/PKD2L2	FALSE
Spis_neuron_6	Spis_XP_022802874_1	WD40/WD40/	actin_related_protein_2_3_complex_subunit_1A	FALSE
Spis_neuron_6	Spis_XP_022783736_1	zf-nanos/	zf-nanos.HG1.1:NANOS1	FALSE
Spis_neuron_6	Spis_XP_022782360_1	EF-hand_7/EF-hand_7/	calmodulin_like_6	FALSE
Spis_neuron_6	Spis_XP_022802490_1	BTB/BACK/Kelch_1/Kelch_1/Kelch_1/	BTB.HG1.11:like:AL033529/BACH1/BACH2/BCL6/BCL6B/ENC1/GZF1/HIC1/HIC2/IPP/IVNS1ABP/KBTBD2/KBTBD3/KBTBD4/KBTBD6/KBTBD7/KBTBD8/KBTBD11/KBTBD12/KBTBD13/KEAP1/KLHL1/KLHL2/KLHL3/KLHL4/KLHL5/KLHL6/KLHL7/KLHL8/KLHL9/KLHL10/KLHL12/KLHL13/KLHL14/KLHL15/KLHL17/KLHL18/KLHL20/KLHL21/KLHL22/KLHL23/KLHL24/KLHL25/KLHL26/KLHL28/KLHL29/KLHL30/KLHL31/KLHL32/KLHL33/KLHL34/KLHL35/KLHL36/KLHL38/KLHL40/KLHL41/MYNN/NACC1/NACC2/PATZ1/ZBTB1/ZBTB2/ZBTB3/ZBTB4/ZBTB5/ZBTB6/ZBTB7A/ZBTB7B/ZBTB7C/ZBTB8A/ZBTB8B/ZBTB9/ZBTB10/ZBTB11/ZBTB12/ZBTB14/ZBTB16/ZBTB17/ZBTB18/ZBTB20/ZBTB21/ZBTB22/ZBTB24/ZBTB25/ZBTB26/ZBTB32/ZBTB33/ZBTB34/ZBTB37/ZBTB38/ZBTB39/ZBTB40/ZBTB41/ZBTB42/ZBTB43/ZBTB44/ZBTB45/ZBTB46/ZBTB47/ZBTB48/ZBTB49/ZNF131:likeclu:10/16/17/22/26/27/29/30/33/34/36/38/40/44/46/47/48/51/52/54/56/57/58/59/61/62/65/66/68/69/71/72/74/76/78/79/80/82/86/88/89/91/95/96/97/98/99/100/101/102/103/104/105/106/107/108/109/110/111/112/113/114/115/116/117/118/119/120/121/122/123/124/125/126/127/134	FALSE
Spis_neuron_6	Spis_XP_022799130_1	G-gamma/	G_protein_subunit_gamma_12	FALSE
Spis_neuron_6	Spis_XP_022794620_1	""	protein_phosphatase_4_regulatory_subunit_4	FALSE
Spis_neuron_6	Spis_XP_022792788_1	Na_Ca_ex/Na_Ca_ex_C/Calx-beta/Calx-beta/Na_Ca_ex/	ion-exch-NaCa.HG2.2:SLC8A1/SLC8A2/SLC8A3	FALSE
Spis_neuron_6	Spis_XP_022786761_1	RGS/	RGS.HG1.9:RGS17/RGS19/RGS20	FALSE
Spis_neuron_6	Spis_XP_022798445_1	RGS/	RGS.HG1.8:like:RGS17/RGS19/RGS20:likeclu:9	FALSE
Spis_neuron_6	Spis_XP_022785239_1	RNF220/zf-C3HC4_2/	ring_finger_protein_220	FALSE
Spis_neuron_6	Spis_XP_022800816_1	Phosphorylase/	glycogen_phosphorylase_muscle_associated	FALSE
Spis_neuron_6	Spis_XP_022794857_1	PP2C/	protein_phosphatase_Mg2_Mn2_dependent_1E	FALSE
Spis_neuron_6	Spis_XP_022784101_1	DEAD/Helicase_C/	DEAD.HG6.3:DDX17/DDX5	FALSE
Spis_neuron_6	Spis_XP_022796987_1	Ank_2/Ank_2/Ank_2/	ankyrin_repeat_domain_55	FALSE
Spis_neuron_6	Spis_XP_022781887_1	Ank_2/	ankyrin_repeat_domain_63	FALSE
Spis_neuron_6	Spis_XP_022810237_1	KIAA1430/Annexin/Annexin/Annexin/Annexin/Annexin/Annexin/Annexin/Annexin/Annexin/Annexin/Annexin/	annexin_A6	FALSE
Spis_neuron_6	Spis_XP_022794850_1	Somatomedin_B/TSP1_spondin/	thrombospondin_type_1_domain_containing_7B	FALSE
Spis_neuron_6	Spis_XP_022804475_1	Ank_2/	serine/threonine-protein phosphatase 6 regulatory ankyrin repeat subunit C-like	FALSE
Spis_neuron_6	Spis_XP_022788848_1	""	""	FALSE
Spis_neuron_6	Spis_XP_022803374_1	PDZ/PDZ/PDZ/PDZ/PDZ/PDZ/	PATJ_crumbs_cell_polarity_complex_component	FALSE
Spis_neuron_6	Spis_XP_022807299_1	Roc/TIR_2/	TIR.HG2.5:like:SARM1:likeclu:26	FALSE
Spis_neuron_6	Spis_XP_022791135_1	DSL/EGF/EGF/EGF/EGF/EGF/EGF/hEGF/EGF/EGF/EGF/EGF/EGF/EGF/hEGF/EGF/EGF/EGF/EGF/EGF/	DSL.HG1.0:DLL1/DLL4/JAG1/JAG2	FALSE
Spis_neuron_6	Spis_XP_022785290_1	Sec61_beta/	SEC61_translocon_subunit_beta	FALSE
Spis_neuron_6	Spis_XP_022799381_1	DUF1077/	ER_membrane_protein_complex_subunit_4	FALSE
Spis_neuron_6	Spis_XP_022801003_1	""	""	FALSE
Spis_neuron_6	Spis_XP_022790661_1	""	""	FALSE
Spis_neuron_6	Spis_XP_022802772_1	""	""	FALSE
Spis_neuron_6	Spis_XP_022790669_1	""	""	FALSE
Spis_neuron_6	Spis_XP_022804433_1	BTG/	transducer_of_ERBB2_2	FALSE
Spis_neuron_6	Spis_XP_022780474_1	NPDC1/	neural_proliferation_differentiation_and_control_1	FALSE
Spis_neuron_6	Spis_XP_022780004_1	p53-inducible11/	tumor_protein_p53_inducible_protein_11	FALSE
Spis_neuron_6	Spis_XP_022806141_1	""	""	FALSE
Spis_neuron_6	Spis_XP_022781831_1	PDE8/PAS_9/PDEase_I/	phosphodiesterase_8B	FALSE
Spis_neuron_6	Spis_XP_022786003_1	OST3_OST6/	tumor_suppressor_candidate_3	FALSE
Spis_neuron_6	Spis_XP_022805133_1	FAM47/	family_with_sequence_similarity_47_member_C	FALSE
Spis_neuron_6	Spis_XP_022803476_1	Cyt-b5/	cytochrome_b5_type_A	FALSE
Spis_neuron_6	Spis_XP_022799565_1	""	""	FALSE
Spis_neuron_7	Spis_XP_022794506_1	ETS_PEA3_N/Ets/	Ets.ETV1/ETV4/ETV5	TRUE
Spis_neuron_7	Spis_XP_022781270_1	GATA/GATA/	GATA.GATA1/GATA2/GATA3	TRUE
Spis_neuron_7	Spis_XP_022798884_1	Ion_trans/Ion_trans/Ion_trans/Ion_trans/GPHH/Ca_chan_IQ/	ion-NaKCa.HG6.2:CACNA1A/CACNA1B/CACNA1C/CACNA1D/CACNA1E/CACNA1F/CACNA1S	FALSE
Spis_neuron_7	Spis_XP_022800545_1	S8_pro-domain/Peptidase_S8/P_proprotein/	proprotein_convertase_subtilisin_kexin_type_1	FALSE
Spis_neuron_7	Spis_XP_022807394_1	Cupin_8/	CupinJmjC.HG1.17:like:HIF1AN:likeclu:18	FALSE
Spis_neuron_7	Spis_XP_022790424_1	Tetraspanin/	CD151_molecule_Raph_blood_group_	FALSE
Spis_neuron_7	Spis_XP_022794859_1	PHD/zf-MYND/	PHD.HG7.1:like:MTF2/PHF1/PHF19:likeclu:2	FALSE
Spis_neuron_7	Spis_XP_022807542_1	IP_trans/DDHD/DDHD/	phosphatidylinositol_transfer_protein_membrane_associated_2	FALSE
Spis_neuron_7	Spis_XP_022788696_1	Y_phosphatase/	Y_phosphatase.HG6.0:PTPRN/PTPRN2	FALSE
Spis_neuron_7	Spis_XP_022799093_1	GST_N_4/GST_C_6/	failed_axon_connections_homolog_metaxin_like_GST_domain_containing	FALSE
Spis_neuron_8	Spis_XP_022781105_1	Pou/Homeodomain/	Homeodomains.POU_POU4F1/POU_POU4F2/POU_POU4F3	TRUE
Spis_neuron_8	Spis_XP_022788696_1	Y_phosphatase/	Y_phosphatase.HG6.0:PTPRN/PTPRN2	FALSE
Spis_neuron_8	Spis_XP_022790580_1	Spectrin/Spectrin/Spectrin/Spectrin/Spectrin/Spectrin/Spectrin/Spectrin/Spectrin/Spectrin/Spectrin/SH3_1/Spectrin/Spectrin/Spectrin/Spectrin/Spectrin/Spectrin/Spectrin/Spectrin/Spectrin/Spectrin/Spectrin/EF-hand_7/EFhand_Ca_insen/	Spectrin.HG1.6:SPTA1/SPTAN1	FALSE
Spis_neuron_8	Spis_XP_022802981_1	Fascin/Fascin/Fascin/Fascin/	fascin_actin_bundling_protein_1	FALSE
Spis_neuron_8	Spis_XP_022800472_1	CDK5_activator/	cyclin_dependent_kinase_5_regulatory_subunit_1	FALSE
Spis_neuron_8	Spis_XP_022790995_1	C2/C2/	Synaptotagmin.HG4.1:SYT14/SYT16	FALSE
Spis_neuron_8	Spis_XP_022800407_1	Peptidase_M28/	glutaminyl_peptide_cyclotransferase	FALSE
Spis_neuron_8	Spis_XP_022799552_1	VIT_2/VWA_3/	von_Willebrand_factor_A_domain_containing_5B1	FALSE
Spis_neuron_8	Spis_XP_022786579_1	Synapsin/Synapsin_C/	Synapsin.HG1.0:SYN1/SYN2/SYN3	FALSE
Spis_neuron_8	Spis_XP_022800545_1	S8_pro-domain/Peptidase_S8/P_proprotein/	proprotein_convertase_subtilisin_kexin_type_1	FALSE
Spis_neuron_8	Spis_XP_022782937_1	CDC50/	transmembrane_protein_30A	FALSE
Spis_neuron_8	Spis_XP_022795630_1	CH/CH/Spectrin/Spectrin/Spectrin/Spectrin/Spectrin/Spectrin/Spectrin/Spectrin/Spectrin/Spectrin/Spectrin/Spectrin/Spectrin/Spectrin/Spectrin/Spectrin/Spectrin/PH_9/	Spectrin.HG1.12:SPTB/SPTBN1/SPTBN2/SPTBN4	FALSE
Spis_neuron_8	Spis_XP_022790765_1	Guanylate_kin/	Guanylate_kin.HG3.0:CACNB1/CACNB2/CACNB3/CACNB4	FALSE
Spis_neuron_9	Spis_XP_022800980_1	SAND/SAM_1/	SAND.like:AIRE/DEAF1/SP100/SP110/SP140/SP140L	TRUE
Spis_neuron_9	Spis_XP_022792055_1	zf-C4/Hormone_recep/	zf-C4_Nuclear_receptors.unclass	TRUE
Spis_neuron_9	Spis_XP_022786197_1	HLH/	HLH.like:ASCL1/ASCL2	TRUE
Spis_neuron_9	Spis_XP_022779261_1	bZIP_Maf/	bZIP.BACH1/BACH2/NFE2/NFE2L1/NFE2L2/NFE2L3	TRUE
Spis_neuron_9	Spis_XP_022780388_1	LIM/LIM/Homeodomain/	Homeodomains.LIM_ISL1/LIM_ISL2	TRUE
Spis_neuron_9	Spis_XP_022780405_1	Homeodomain/OAR/	Homeodomains.PRD_OTP	TRUE
Spis_neuron_9	Spis_XP_022781270_1	GATA/GATA/	GATA.GATA1/GATA2/GATA3	TRUE
Spis_neuron_9	Spis_XP_022781574_1	zf-C2H2/zf-C2H2/zf-C2H2/	zf-C2H2.EGR1/EGR2/EGR3/EGR4	TRUE
Spis_neuron_9	Spis_XP_022786467_1	T-box/	T-box.like:EOMES/TBR1/TBX19/TBX21/TBXT	TRUE
Spis_neuron_9	Spis_XP_022791236_1	zf-C2H2/zf-C2H2/zf-C2H2/zf-C2H2/	zf-C2H2.OVOL1/OVOL2/OVOL3	TRUE
Spis_neuron_9	Spis_XP_022794604_1	Homeodomain/	Homeodomains.like:ANTP_NKX2-1/ANTP_NKX2-2/ANTP_NKX2-3/ANTP_NKX2-4/ANTP_NKX2-5/ANTP_NKX2-6/ANTP_NKX2-8/ANTP_NKX3-1/ANTP_NKX3-2	TRUE
Spis_neuron_9	Spis_XP_022794681_1	Homeodomain/	Homeodomains.ANTP_EN1/ANTP_EN2/ANTP_HHEX/ANTP_LBX1/ANTP_LBX2/ANTP_TLX1/ANTP_TLX2/ANTP_TLX3	TRUE
Spis_neuron_9	Spis_XP_022800147_1	Forkhead/	Forkhead.FOXD3	TRUE
Spis_neuron_9	Spis_XP_022800975_1	SRPRB/	SRP_receptor_subunit_beta	FALSE
Spis_neuron_9	Spis_XP_022799370_1	7tm_1/	GPCR-rhodopsin.HG9.16:NA	FALSE
Spis_neuron_9	Spis_XP_022796055_1	7tm_1/	GPCR-rhodopsin.HG11.5:like:GPR176:likeclu:1	FALSE
Spis_neuron_9	Spis_XP_022781367_1	7tm_1/	GPCR-rhodopsin.HG1.22:like:GPR26/GPR45/GPR63/GPR78/GPR101/GPR135/GPR161:likeclu:11/12/19/42/53	FALSE
Spis_neuron_9	Spis_XP_022796088_1	7tm_1/	GPCR-rhodopsin.HG38.1:ADORA2A/GPR22	FALSE
Spis_neuron_9	Spis_XP_022796640_1	7tm_1/	GPCR-rhodopsin.HG8.24:like:ADORA2B:likeclu:11	FALSE
Spis_neuron_9	Spis_XP_022792880_1	7tm_1/	GPCR-rhodopsin.HG8.17:like:ADORA2B:likeclu:11	FALSE
Spis_neuron_9	Spis_XP_022795724_1	7tm_1/	GPCR-rhodopsin.HG8.25:like:ADORA2B:likeclu:11	FALSE
Spis_neuron_9	Spis_XP_022784853_1	Gal_Lectin/	adhesion_G_protein_coupled_receptor_L1	FALSE
Spis_neuron_9	Spis_XP_022782549_1	zf-RING_UBOX/zf-B_box/Filamin/DUF5128/NHL/NHL/NHL/	tripartite_motif_containing_2	FALSE
Spis_neuron_9	Spis_XP_022803962_1	Neur_chan_LBD/Neur_chan_memb/	ion-neuro-gated.HG2.15:GABRB1/GABRB2/GABRB3/GABRD/GABRP/GABRQ/GABRR1/GABRR2/GABRR3	FALSE
Spis_neuron_9	Spis_XP_022798405_1	Peptidase_M14/CarboxypepD_reg/	carboxypeptidase_D	FALSE
Spis_neuron_9	Spis_XP_022779158_1	Rdx/	selenoprotein_T	FALSE
Spis_neuron_9	Spis_XP_022803516_1	Peptidase_A22B/	histocompatibility_minor_13	FALSE
Spis_neuron_9	Spis_XP_022799819_1	Glyco_transf_29/	ST6_N_acetylgalactosaminide_alpha_2_6_sialyltransferase_5	FALSE
Spis_neuron_9	Spis_XP_022780407_1	La/SUZ-C/	La.HG1.3:LARP6	FALSE
Spis_neuron_9	Spis_XP_022800557_1	CRAL_TRIO/	alpha_tocopherol_transfer_protein_like	FALSE
Spis_neuron_9	Spis_XP_022779102_1	Neur_chan_LBD/Neur_chan_memb/	ion-neuro-gated.HG1.3:AC243734/AC254952/CHRFAM7A/CHRNA1/CHRNA2/CHRNA3/CHRNA4/CHRNA5/CHRNA6/CHRNA7/CHRNB1/CHRNB2/CHRNB3/CHRNB4/CHRND/CHRNE/CHRNG	FALSE
Spis_neuron_9	Spis_XP_022800030_1	Neur_chan_LBD/Neur_chan_memb/	ion-neuro-gated.HG1.3:AC243734/AC254952/CHRFAM7A/CHRNA1/CHRNA2/CHRNA3/CHRNA4/CHRNA5/CHRNA6/CHRNA7/CHRNB1/CHRNB2/CHRNB3/CHRNB4/CHRND/CHRNE/CHRNG	FALSE
Spis_neuron_9	Spis_XP_022797311_1	Renin_r/	ATPase_H_transporting_accessory_protein_2	FALSE
Spis_neuron_9	Spis_XP_022801677_1	zf-B_box/fn3/SPRY/	fibronectin.HG25.2:TRIM67/TRIM9	FALSE
Spis_neuron_9	Spis_XP_022796890_1	DUF4210/Chromosome_seg/	family_with_sequence_similarity_214_member_A	FALSE
Spis_neuron_9	Spis_XP_022810272_1	Ion_trans/Ion_trans/Ion_trans/Ion_trans/GPHH/	ion-NaKCa.HG9.3:SCN10A/SCN11A/SCN1A/SCN2A/SCN3A/SCN4A/SCN5A/SCN7A/SCN8A/SCN9A	FALSE
Spis_neuron_9	Spis_XP_022788369_1	Anoct_dimer/Anoctamin/	anoctamin_7	FALSE
Spis_neuron_9	Spis_XP_022794036_1	DNA_photolyase/FAD_binding_7/DNA_photolyase/FAD_binding_7/DNA_photolyase/FAD_binding_7/	cryptochrome_circadian_regulator_1	FALSE
Spis_neuron_9	Spis_XP_022787756_1	Gpi16/	phosphatidylinositol_glycan_anchor_biosynthesis_class_T	FALSE
Spis_neuron_9	Spis_XP_022801587_1	Ras/	RAB9A_member_RAS_oncogene_family	FALSE
Spis_neuron_9	Spis_XP_022794118_1	Methyltr_RsmF_N/Methyltr_RsmB-F/	NOP2_nucleolar_protein	FALSE
Spis_neuron_9	Spis_XP_022789974_1	VCBS/	integrin_alpha_FG_GAP_repeat_containing_1	FALSE
Spis_neuron_9	Spis_XP_022781966_1	RUN/	RUN_and_FYVE_domain_containing_4	FALSE
Spis_neuron_9	Spis_XP_022784927_1	ETF/ETF_alpha/	electron_transfer_flavoprotein_subunit_alpha	FALSE
Spis_neuron_9	Spis_XP_022782256_1	NAD_binding_5/Inos-1-P_synth/	inositol_3_phosphate_synthase_1	FALSE
Spis_neuron_9	Spis_XP_022780572_1	cNMP_binding/	cyclic_nucleotide_gated_channel_subunit_alpha_3	FALSE
Spis_neuron_9	Spis_XP_022789758_1	Hydrolase_4/	abhydrolase_domain_containing_15	FALSE
Spis_neuron_9	Spis_XP_022780222_1	Hid1/	HID1_domain_containing	FALSE
Spis_neuron_9	Spis_XP_022792528_1	Pkinase/	Pkinase.HG96.1:DYRK1A/DYRK1B	FALSE
Spis_neuron_9	Spis_XP_022799249_1	Trypsin/	chymotrypsin_like_elastase_3B	FALSE
Spis_neuron_9	Spis_XP_022786671_1	Septin/	septin_7	FALSE
Spis_neuron_9	Spis_XP_022802703_1	CBF_beta/	core_binding_factor_subunit_beta	FALSE
Spis_neuron_9	Spis_XP_022800463_1	C2/C2/	Synaptotagmin.HG1.17:C2CD4C/C2CD4D/TC2N	FALSE
Spis_neuron_9	Spis_XP_022780815_1	C2/C2/	Synaptotagmin.HG1.38:SYT12	FALSE
Spis_neuron_9	Spis_XP_022789745_1	ThiF/	NEDD8_activating_enzyme_E1_subunit_1	FALSE
Spis_neuron_9	Spis_XP_022799394_1	AA_permease_2/	solute_carrier_family_7_member_5	FALSE
Spis_neuron_9	Spis_XP_022798973_1	Proteasome_A_N/Proteasome/	proteasome_20S_subunit_alpha_7	FALSE
Spis_neuron_9	Spis_XP_022800472_1	CDK5_activator/	cyclin_dependent_kinase_5_regulatory_subunit_1	FALSE
Spis_neuron_9	Spis_XP_022797772_1	Pkinase_Tyr/	Pkinase.HG4.0:NA	FALSE
Spis_neuron_9	Spis_XP_022800123_1	Cation_ATPase_N/E1-E2_ATPase/Cation_ATPase/Hydrolase/Cation_ATPase_C/	PMCA.HG1.2:AC010616/ATP12A/ATP1A1/ATP1A2/ATP1A3/ATP1A4/ATP4A	FALSE
Spis_neuron_9	Spis_XP_022797429_1	RabGAP-TBC/RabGAP-TBC/	TBC1_domain_family_member_5	FALSE
Spis_neuron_9	Spis_XP_022794106_1	Oxysterol_BP/	oxysterol_binding_protein_2	FALSE
Spis_neuron_9	Spis_XP_022793500_1	DIX/Dishevelled/PDZ/DEP/Dsh_C/	PDZ.HG15.0:DVL1/DVL2/DVL3	FALSE
Spis_neuron_9	Spis_XP_022781848_1	PID/PDZ/PDZ/	PID.HG5.1:APBA1/APBA2/APBA3	FALSE
Spis_neuron_9	Spis_XP_022783708_1	ABC_membrane_2/ABC_tran/	ATP_binding_cassette_subfamily_D_member_2	FALSE
Spis_neuron_9	Spis_XP_022800718_1	TUSC2/	tumor_suppressor_2_mitochondrial_calcium_regulator	FALSE
Spis_neuron_9	Spis_XP_022786435_1	Cytochrom_C/	cytochrome_c_somatic	FALSE
Spis_neuron_9	Spis_XP_022782282_1	Seipin/	BSCL2_lipid_droplet_biogenesis_associated_seipin	FALSE
Spis_neuron_9	Spis_XP_022800471_1	Septin/	septin_6	FALSE
Spis_neuron_9	Spis_XP_022779110_1	Ion_trans/cNMP_binding/	ion-NaKCa.HG11.2:like:CNGA1/CNGA2/CNGA3/CNGA4:likeclu:5	FALSE
Spis_neuron_9	Spis_XP_022797866_1	ODC_AZ/	ornithine_decarboxylase_antizyme_1	FALSE
Spis_neuron_9	Spis_XP_022793483_1	WD40/WD40/WD40/WD40/WD40/WD40/WD40/	G_protein_subunit_beta_2	FALSE
Spis_neuron_9	Spis_XP_022804709_1	Pkinase/	Pkinase.HG51.1:MAPK4/MAPK6	FALSE
Spis_neuron_9	Spis_XP_022805592_1	SNF/SNF/	solute_carrier_family_6_member_1	FALSE
Spis_neuron_9	Spis_XP_022783573_1	Pkinase/CaMKII_AD/	CaMKII.HG1.2:CAMK2A/CAMK2B/CAMK2D/CAMK2G	FALSE
Spis_neuron_9	Spis_XP_022790414_1	uDENN/DENN/	MAP_kinase_activating_death_domain	FALSE
Spis_neuron_9	Spis_XP_022790793_1	PAS_9/Ion_trans/	ion-NaKCa.HG10.2:KCNH3/KCNH4/KCNH8	FALSE
Spis_neuron_9	Spis_XP_022795630_1	CH/CH/Spectrin/Spectrin/Spectrin/Spectrin/Spectrin/Spectrin/Spectrin/Spectrin/Spectrin/Spectrin/Spectrin/Spectrin/Spectrin/Spectrin/Spectrin/Spectrin/Spectrin/PH_9/	Spectrin.HG1.12:SPTB/SPTBN1/SPTBN2/SPTBN4	FALSE
Spis_neuron_9	Spis_XP_022788571_1	MFS_1_like/	major_facilitator_superfamily_domain_containing_6	FALSE
Spis_neuron_9	Spis_XP_022780691_1	Ion_trans_2/SBP_bac_3/	ion-glutamate.HG2.10:NA	FALSE
Spis_neuron_9	Spis_XP_022779943_1	Ion_trans_2/	ion-NaKCa.HG3.0:NA	FALSE
Spis_neuron_9	Spis_XP_022798657_1	BTB_2/Ion_trans/	ion-NaKCa.HG8.17:like:KCNB1/KCNB2/KCNF1/KCNG1/KCNG2/KCNG3/KCNG4/KCNS1/KCNS2/KCNS3/KCNV1/KCNV2:likeclu:8	FALSE
Spis_neuron_9	Spis_XP_022798653_1	BTB_2/Ion_trans/	ion-NaKCa.HG8.14:like:KCNB1/KCNB2/KCNF1/KCNG1/KCNG2/KCNG3/KCNG4/KCNS1/KCNS2/KCNS3/KCNV1/KCNV2:likeclu:8	FALSE
Spis_neuron_9	Spis_XP_022781687_1	BTB_2/Ion_trans/	ion-NaKCa.HG8.10:like:KCNB1/KCNB2/KCNF1/KCNG1/KCNG2/KCNG3/KCNG4/KCNS1/KCNS2/KCNS3/KCNV1/KCNV2:likeclu:8	FALSE
Spis_neuron_9	Spis_XP_022785711_1	BTB_2/Ion_trans/	ion-NaKCa.HG8.9:like:KCNB1/KCNB2/KCNF1/KCNG1/KCNG2/KCNG3/KCNG4/KCNS1/KCNS2/KCNS3/KCNV1/KCNV2:likeclu:8	FALSE
Spis_neuron_9	Spis_XP_022780622_1	BTB_2/Ion_trans/	ion-NaKCa.HG1.6:KCNA1/KCNA10/KCNA2/KCNA3/KCNA4/KCNA5/KCNA6/KCNA7	FALSE
Spis_neuron_9	Spis_XP_022793458_1	BTB_2/Ion_trans/	ion-NaKCa.HG1.17:like:KCNA1/KCNA2/KCNA3/KCNA4/KCNA5/KCNA6/KCNA7/KCNA10:likeclu:6	FALSE
Spis_neuron_9	Spis_XP_022778848_1	BTB_2/Ion_trans/	ion-NaKCa.HG1.6:KCNA1/KCNA10/KCNA2/KCNA3/KCNA4/KCNA5/KCNA6/KCNA7	FALSE
Spis_neuron_9	Spis_XP_022779634_1	""	""	FALSE
Spis_neuron_9	Spis_XP_022792536_1	DUF885/	""	FALSE
Spis_neuron_9	Spis_XP_022785723_1	Cation_ATPase_N/E1-E2_ATPase/E1-E2_ATPase/Cation_ATPase/Hydrolase_3/Cation_ATPase_C/ATP_Ca_trans_C/	PMCA.HG3.0:ATP2B1/ATP2B2/ATP2B3/ATP2B4	FALSE
Spis_neuron_9	Spis_XP_022799736_1	EF-hand_7/2OG-FeII_Oxy_3/	prolyl_4_hydroxylase_transmembrane	FALSE
Spis_neuron_9	Spis_XP_022805650_1	""	""	FALSE
Spis_neuron_9	Spis_XP_022783453_1	Ion_trans_2/Ion_trans_2/	potassium_two_pore_domain_channel_subfamily_K_member_10	FALSE
Spis_neuron_9	Spis_XP_022799110_1	Ion_trans_2/Ion_trans_2/	potassium_two_pore_domain_channel_subfamily_K_member_9	FALSE
Spis_neuron_9	Spis_XP_022799114_1	Ion_trans_2/Ion_trans_2/	potassium_two_pore_domain_channel_subfamily_K_member_3	FALSE
Spis_neuron_9	Spis_XP_022784711_1	fn3/SEA/fn3/SEA/fn3/fn3/fn3/fn3/fn3/fn3/fn3/fn3/Ion_trans_2/	sidekick_cell_adhesion_molecule_1	FALSE
Spis_neuron_9	Spis_XP_022787290_1	Peptidase_M13_N/Peptidase_M13/Peptidase_M13/	endothelin_converting_enzyme_1	FALSE
Spis_neuron_9	Spis_XP_022793515_1	""	""	FALSE
Spis_neuron_9	Spis_XP_022801707_1	""	""	FALSE
Spis_neuron_9	Spis_XP_022787375_1	7tm_1/	GPCR-rhodopsin.HG25.24:NA	FALSE
Spis_neuron_9	Spis_XP_022783737_1	Aldolase_II/	adducin_1	FALSE
Spis_neuron_9	Spis_XP_022797738_1	Katanin_con80/	""	FALSE
Spis_neuron_9	Spis_XP_022782430_1	CRAL_TRIO_2/Spectrin/Spectrin/Spectrin/Spectrin/RhoGEF/RhoGEF/SH3_2/I-set/fn3/Pkinase/	fibronectin.HG28.1:KALRN	FALSE
Spis_neuron_9	Spis_XP_022782796_1	""	""	FALSE
Spis_neuron_9	Spis_XP_022791671_1	p450/	CYP.HG2.0:CYP3A4/CYP3A43/CYP3A5/CYP3A7/TBXAS1	FALSE
Spis_neuron_9	Spis_XP_022797985_1	PA14/CHGN/	beta_1_4_N_acetyl_galactosaminyltransferase_3	FALSE
Spis_neuron_9	Spis_XP_022809662_1	7tm_1/	GPCR-rhodopsin.HG17.4:like:OPN4:likeclu:9	FALSE
Spis_neuron_9	Spis_XP_022789174_1	Myosin_head/IQ/	Myosin.HG1.5:MYO7A/MYO7B	FALSE
Spis_neuron_9	Spis_XP_022780825_1	EGF/COLFI/	Collagen.HG4.2:like:CCBE1/COLEC12/SCARA3:likeclu:3	FALSE
Spis_neuron_9	Spis_XP_022801297_1	DCX/DCX/Pkinase/	Pkinase.HG58.2:DCLK1/DCLK2/DCLK3	FALSE
Spis_neuron_9	Spis_XP_022787339_1	EF1_GNE/	eukaryotic_translation_elongation_factor_1_beta_2	FALSE
Spis_neuron_9	Spis_XP_022785212_1	""	""	FALSE
Spis_neuron_9	Spis_XP_022790424_1	Tetraspanin/	CD151_molecule_Raph_blood_group_	FALSE
Spis_neuron_9	Spis_XP_022788696_1	Y_phosphatase/	Y_phosphatase.HG6.0:PTPRN/PTPRN2	FALSE
Spis_neuron_9	Spis_XP_022787668_1	ShK/CAP/	GLI_pathogenesis_related_2	FALSE
Spis_neuron_9	Spis_XP_022804611_1	Pkinase/	Pkinase.HG21.8:CAMK1/CAMK1D/CAMK1G/CAMKV/PNCK	FALSE
Spis_neuron_9	Spis_XP_022793727_1	R3H/SUZ/	R3H_domain_containing_1	FALSE
Spis_neuron_9	Spis_XP_022779111_1	cNMP_binding/	cyclic_nucleotide_gated_channel_subunit_alpha_3	FALSE
Spis_neuron_9	Spis_XP_022789096_1	AMP-binding/	acyl_CoA_synthetase_bubblegum_family_member_1	FALSE
Spis_neuron_9	Spis_XP_022792329_1	Pro_isomerase/	peptidylprolyl_isomerase_G	FALSE
Spis_neuron_9	Spis_XP_022808234_1	DEAD/Helicase_C/	DEAD.HG12.1:DDX39A/DDX39B	FALSE
Spis_neuron_9	Spis_XP_022807094_1	PTR2/PTR2/	solute_carrier_family_15_member_2	FALSE
Spis_neuron_9	Spis_XP_022796559_1	BTB_2/Ion_trans/	ion-NaKCa.HG13.7:like:KCND1/KCND2/KCND3:likeclu:1	FALSE
Spis_neuron_9	Spis_XP_022790844_1	""	""	FALSE
Spis_neuron_9	Spis_XP_022800941_1	""	""	FALSE
Spis_neuron_9	Spis16544_1	""	""	FALSE
Spis_neuron_9	Spis_XP_022797727_1	zf-C3HC4_2/PDZ/	PDZ_domain_containing_ring_finger_3	FALSE
Spis_neuron_9	Spis_XP_022791711_1	Ank_2/Ank_4/Ion_trans/	ion-NaKCa.HG4.1:TRPA1	FALSE
Spis_neuron_9	Spis_XP_022784057_1	Ank_2/Ank_2/Ank_2/Ank/Ank_4/Ank_2/Ank_2/Ion_trans/	ion-NaKCa.HG4.1:TRPA1	FALSE
Spis_neuron_9	Spis_XP_022782946_1	fn3/fn3/	fibronectin.HG33.3:NA	FALSE
Spis_neuron_9	Spis_XP_022798884_1	Ion_trans/Ion_trans/Ion_trans/Ion_trans/GPHH/Ca_chan_IQ/	ion-NaKCa.HG6.2:CACNA1A/CACNA1B/CACNA1C/CACNA1D/CACNA1E/CACNA1F/CACNA1S	FALSE
Spis_neuron_9	Spis_XP_022781891_1	CLN3/	CLN3_lysosomal_endosomal_transmembrane_protein_battenin	FALSE
Spis_neuron_9	Spis_XP_022778500_1	U1snRNP70_N/RRM_1/	RRM.HG14.2:SNRNP70	FALSE
Spis_neuron_9	Spis_XP_022792700_1	Cu2_monooxygen/Cu2_monoox_C/	peptidylglycine_alpha_amidating_monooxygenase	FALSE
Spis_neuron_9	Spis_XP_022800264_1	zf-C3HC4_2/WD40/WD40/WD40/	TNF_receptor_associated_factor_7	FALSE
Spis_neuron_9	Spis_XP_022799040_1	zf-HC5HC2H/PHD/PHD/PHD/zf-HC5HC2H/FYRN/FYRC/SET/	PHD.HG2.5:KMT2C/KMT2D	FALSE
Spis_neuron_9	Spis_XP_022802781_1	""	""	FALSE
Spis_neuron_9	Spis_XP_022796605_1	eIF-1a/	eukaryotic_translation_initiation_factor_1A_Y_linked	FALSE
Spis_neuron_9	Spis_XP_022782268_1	S-methyl_trans/Pterin_bind/B12-binding_2/B12-binding/Met_synt_B12/	5_methyltetrahydrofolate_homocysteine_methyltransferase	FALSE
Spis_neuron_9	Spis_XP_022785795_1	RRM_1/RRM_1/	RRM.HG24.0:SRSF1/SRSF9	FALSE
Spis_neuron_9	Spis_XP_022797570_1	EF-hand_5/EF-hand_7/	neurocalcin_delta	FALSE
Spis_neuron_9	Spis_XP_022806152_1	UQ_con/	ubiquitin_conjugating_enzyme_E2_Q_family_like_1	FALSE
Spis_neuron_9	Spis_XP_022786011_1	HECT/	HECT_domain_E3_ubiquitin_protein_ligase_2	FALSE
Spis_neuron_9	Spis_XP_022780520_1	7tm_1/	GPCR-rhodopsin.HG34.1:GPR153/GPR162	FALSE
Spis_neuron_9	Spis_XP_022805750_1	TACC_C/	transforming_acidic_coiled_coil_containing_protein_1	FALSE
Spis_neuron_9	Spis_XP_022800262_1	cNMP_binding/cNMP_binding/	protein_kinase_cAMP_dependent_type_I_regulatory_subunit_beta	FALSE
Spis_neuron_9	Spis_XP_022779069_1	""	glutamine_amidotransferase_like_class_1_domain_containing_3B	FALSE
Spis_neuron_9	Spis_XP_022787467_1	HIG_1_N/	HIG1_hypoxia_inducible_domain_family_member_1A	FALSE
Spis_neuron_9	Spis_XP_022778925_1	Frag1/	DNA_damage_regulated_autophagy_modulator_2	FALSE
Spis_neuron_9	Spis_XP_022798407_1	WD40/WD40/WD40/WD40/	autophagy_related_16_like_1	FALSE
Spis_neuron_9	Spis_XP_022782619_1	C2/C2/	Synaptotagmin.HG1.46:like:SYT1/SYT2/SYT3/SYT4/SYT5/SYT6/SYT7/SYT8/SYT9/SYT10/SYT11/SYT12/SYT13/SYT17:likeclu:25/30/31/36/38/40/41	FALSE
Spis_neuron_9	Spis_XP_022788027_1	SAM_1/	SAM.HG10.1:SAMD4A/SAMD4B	FALSE
Spis_neuron_9	Spis_XP_022791425_1	""	major_facilitator_superfamily_domain_containing_4A	FALSE
Spis_neuron_9	Spis_XP_022802070_1	Pkinase/	Pkinase.HG144.0:NRBP1/NRBP2	FALSE
Spis_neuron_9	Spis_XP_022789852_1	C2/	Synaptotagmin.HG4.0:like:SYT14/SYT16:likeclu:1	FALSE
Spis_neuron_9	Spis_XP_022794983_1	Pkinase/	Pkinase.HG149.1:TRIB1/TRIB2/TRIB3	FALSE
Spis_neuron_9	Spis_XP_022792383_1	Pkinase/	Pkinase.HG39.0:PRKACA/PRKACB/PRKACG	FALSE
Spis_neuron_9	Spis_XP_022809049_1	Pkinase/	Pkinase.HG67.0:PEAK1/PRAG1	FALSE
Spis_neuron_9	Spis_XP_022791993_1	zf-RING_2/	ring_finger_protein_38	FALSE
Spis_neuron_9	Spis_XP_022807367_1	C2/	Synaptotagmin.HG4.1:SYT14/SYT16	FALSE
Spis_neuron_9	Spis_XP_022790995_1	C2/C2/	Synaptotagmin.HG4.1:SYT14/SYT16	FALSE
Spis_neuron_9	Spis_XP_022781951_1	Guanylate_kin/	Guanylate_kin.HG3.0:CACNB1/CACNB2/CACNB3/CACNB4	FALSE
Spis_neuron_9	Spis_XP_022800767_1	GDI/	GDP_dissociation_inhibitor_1	FALSE
Spis_neuron_9	Spis_XP_022787020_1	RRM_1/RRM_1/RRM_1/	RRM.HG6.6:ELAVL1/ELAVL2/ELAVL3/ELAVL4	FALSE
Spis_neuron_9	Spis_XP_022798724_1	SLC3A2_N/Alpha-amylase/	solute_carrier_family_3_member_1	FALSE
Spis_neuron_9	Spis_XP_022792444_1	Reticulon/	reticulon_4	FALSE
Spis_neuron_9	Spis_XP_022810577_1	Reticulon/	reticulon_4	FALSE
Spis_neuron_9	Spis_XP_022795424_1	Cation_ATPase_C/	PMCA.HG2.0:like:ATP2A1/ATP2A2/ATP2A3/ATP2C1/ATP2C2:likeclu:2/3	FALSE
Spis_neuron_9	Spis_XP_022800545_1	S8_pro-domain/Peptidase_S8/P_proprotein/	proprotein_convertase_subtilisin_kexin_type_1	FALSE
Spis_neuron_9	Spis_XP_022789502_1	Peptidase_C48/	SUMO_specific_peptidase_7	FALSE
Spis_neuron_9	Spis_XP_022780313_1	Chromo/CBX7_C/	Chromo.HG1.28:CBX2/CBX4/CBX6/CBX7/CBX8	FALSE
Spis_neuron_9	Spis_XP_022787696_1	C2/C2/FerI/C2/FerB/C2/C2/C2/C2/Ferlin_C/	Synaptotagmin.HG10.2:FER1L6/OTOF	FALSE
Spis_neuron_9	Spis_XP_022792081_1	Carb_anhydrase/	carbonic_anhydrase_12	FALSE
Spis_neuron_9	Spis_XP_022794186_1	Sel1/	""	FALSE
Spis_neuron_9	Spis_XP_022789275_1	Pkinase/	serine_threonine_kinase_17a	FALSE
Spis_neuron_9	Spis_XP_022793665_1	Fz/Frizzled/	Frizzled.HG1.29:FZD5/FZD8	FALSE
Spis_neuron_9	Spis_XP_022780583_1	Med25_VWA/Med25/	mediator_complex_subunit_25	FALSE
Spis_neuron_9	Spis25825_1	""	""	FALSE
Spis_neuron_9	Spis_XP_022804335_1	PID/PID/	PID.HG3.1:APBB1/APBB2/APBB3	FALSE
Spis_neuron_9	Spis_XP_022791585_1	HSP70/	heat_shock_protein_family_A_Hsp70_member_8	FALSE
Spis_neuron_9	Spis_XP_022781782_1	""	""	FALSE
Spis_neuron_9	Spis_XP_022792152_1	LIM/LIM/	LIM_domain_only_3	FALSE
Spis_neuron_9	Spis_XP_022798902_1	Ldl_recept_a/Ldl_recept_a/Ldl_recept_a/Ldl_recept_a/Ldl_recept_a/Ldl_recept_a/Ldl_recept_a/Ldl_recept_a/Ldl_recept_a/Ldl_recept_a/cEGF/FXa_inhibition/Ldl_recept_b/Ldl_recept_b/Ldl_recept_b/	Ldl_recept_b.HG1.27:LDLR/LRP8/VLDLR	FALSE
Spis_neuron_9	Spis_XP_022802315_1	""	""	FALSE
Spis_neuron_9	Spis_XP_022782220_1	""	""	FALSE
Spis_neuron_9	Spis_XP_022783924_1	""	serine/arginine repetitive matrix protein 2-like	FALSE
Spis_neuron_9	Spis_XP_022779971_1	""	""	FALSE
Spis_neuron_9	Spis_XP_022779200_1	""	""	FALSE
Spis_neuron_9	Spis_XP_022790661_1	""	""	FALSE
Spis_neuron_9	Spis_XP_022784831_1	""	LWamide neuropeptides-like	FALSE
Spis_neuron_9	Spis_XP_022802917_1	FAM53/	family_with_sequence_similarity_53_member_C	FALSE
Spis_neuron_9	Spis_XP_022804433_1	BTG/	transducer_of_ERBB2_2	FALSE
Spis_neuron_9	Spis_XP_022780474_1	NPDC1/	neural_proliferation_differentiation_and_control_1	FALSE
Spis_neuron_9	Spis_XP_022780004_1	p53-inducible11/	tumor_protein_p53_inducible_protein_11	FALSE
Spis_neuron_9	Spis_XP_022783128_1	""	transcription initiation factor IIF subunit alpha-like	FALSE
Spis_neuron_9	Spis_XP_022809913_1	""	""	FALSE
Spis_neuron_9	Spis_XP_022782101_1	NTP_transf_7/	terminal_nucleotidyltransferase_5C	FALSE
Spis_neuron_9	Spis_XP_022793410_1	Kinesin/	kinesin_family_member_26B	FALSE
Spis_neuron_9	Spis_XP_022801094_1	""	""	FALSE
Spis_neuron_9	Spis_XP_022794728_1	CTP_transf_1/	CDP_diacylglycerol_synthase_1	FALSE
Spis_neuron_9	Spis_XP_022786579_1	Synapsin/Synapsin_C/	Synapsin.HG1.0:SYN1/SYN2/SYN3	FALSE
Spis_neuron_9	Spis_XP_022803600_1	HATPase_c/HSP90/	heat_shock_protein_90_alpha_family_class_B_member_1	FALSE
Spis_neuron_9	Spis_XP_022795740_1	""	""	FALSE
Spis_neuron_9	Spis_XP_022782937_1	CDC50/	transmembrane_protein_30A	FALSE
Spis_neuron_9	Spis_XP_022791716_1	Pkinase/	Pkinase.HG104.1:CSNK2A1/CSNK2A2/CSNK2A3	FALSE
Spis_neuron_9	Spis_XP_022780103_1	PCI/RPN5_C/	proteasome_26S_subunit_non_ATPase_12	FALSE
